venue_name,season,id,total_balls,total_runs,target_runs,total_boundaries,win_margin_rwb,target_bin,boundary_bin
"Narendra Modi Stadium, Motera, Ahmedabad",2023,1359475,236,360.0,178,46.0,|5|4,170-200,41-50
"Punjab Cricket Association IS Bindra Stadium, Mohali, Chandigarh",2023,1359476,216,337.0,191,46.0,7||,170-200,41-50
"Bharat Ratna Shri Atal Bihari Vajpayee Ekana Cricket Stadium, Lucknow",2023,1359477,240,336.0,193,38.0,50||,170-200,31-40
"Rajiv Gandhi International Stadium, Uppal, Hyderabad",2023,1359478,240,334.0,203,42.0,72||,201-220,41-50
"M.Chinnaswamy Stadium, Bengaluru",2023,1359479,218,343.0,171,46.0,|8|22,170-200,41-50
"MA Chidambaram Stadium, Chepauk, Chennai",2023,1359480,240,422.0,217,50.0,12||,201-220,41-50
"Arun Jaitley Stadium, Delhi",2023,1359481,229,325.0,162,40.0,|6|11,140-169,31-40
"Barsapara Cricket Stadium, Guwahati",2023,1359482,240,389.0,197,49.0,5||,170-200,41-50
"Eden Gardens, Kolkata",2023,1359483,226,327.0,204,43.0,81||,201-220,41-50
"Bharat Ratna Shri Atal Bihari Vajpayee Ekana Cricket Stadium, Lucknow",2023,1359484,216,248.0,121,29.0,|5|24,<140,20-30
"Barsapara Cricket Stadium, Guwahati",2023,1359485,240,341.0,199,45.0,57||,170-200,41-50
"Wankhede Stadium, Mumbai",2023,1359486,229,316.0,157,38.0,|7|11,140-169,31-40
"Narendra Modi Stadium, Motera, Ahmedabad",2023,1359487,240,411.0,204,55.0,|3|0,201-220,>50
"Rajiv Gandhi International Stadium, Uppal, Hyderabad",2023,1359488,223,288.0,143,48.0,|8|17,140-169,41-50
"M.Chinnaswamy Stadium, Bengaluru",2023,1359489,240,425.0,212,56.0,|1|0,201-220,>50
"Arun Jaitley Stadium, Delhi",2023,1359490,238,345.0,172,49.0,|6|0,170-200,41-50
"MA Chidambaram Stadium, Chepauk, Chennai",2023,1359491,240,347.0,175,36.0,3||,170-200,31-40
"Punjab Cricket Association IS Bindra Stadium, Mohali, Chandigarh",2023,1359492,239,307.0,153,39.0,|6|1,140-169,31-40
"Eden Gardens, Kolkata",2023,1359493,240,433.0,228,61.0,23||,>220,>50
"M.Chinnaswamy Stadium, Bengaluru",2023,1359494,240,325.0,174,41.0,23||,170-200,41-50
"Bharat Ratna Shri Atal Bihari Vajpayee Ekana Cricket Stadium, Lucknow",2023,1359495,237,320.0,159,39.0,|2|3,140-169,31-40
"Wankhede Stadium, Mumbai",2023,1359496,226,371.0,185,50.0,|5|14,170-200,41-50
"Narendra Modi Stadium, Motera, Ahmedabad",2023,1359497,236,356.0,177,45.0,|3|4,170-200,41-50
"M.Chinnaswamy Stadium, Bengaluru",2023,1359498,240,444.0,226,57.0,8||,>220,>50
"Rajiv Gandhi International Stadium, Uppal, Hyderabad",2023,1359499,239,370.0,192,50.0,14||,170-200,41-50
"Sawai Mansingh Stadium, Jaipur",2023,1359500,240,298.0,154,35.0,10||,140-169,31-40
"Punjab Cricket Association IS Bindra Stadium, Mohali, Chandigarh",2023,1359501,230,324.0,174,37.0,24||,170-200,31-40
"Arun Jaitley Stadium, Delhi",2023,1359502,236,255.0,127,33.0,|4|4,<140,31-40
"MA Chidambaram Stadium, Chepauk, Chennai",2023,1359503,232,272.0,134,30.0,|7|8,<140,20-30
"Bharat Ratna Shri Atal Bihari Vajpayee Ekana Cricket Stadium, Lucknow",2023,1359504,240,263.0,135,27.0,7||,<140,20-30
"Wankhede Stadium, Mumbai",2023,1359505,240,415.0,214,58.0,13||,201-220,>50
"M.Chinnaswamy Stadium, Bengaluru",2023,1359506,240,371.0,189,48.0,7||,170-200,41-50
"Eden Gardens, Kolkata",2023,1359507,240,421.0,235,58.0,49||,>220,>50
"Rajiv Gandhi International Stadium, Uppal, Hyderabad",2023,1359508,240,281.0,144,31.0,7||,140-169,31-40
"Narendra Modi Stadium, Motera, Ahmedabad",2023,1359509,240,359.0,207,43.0,55||,201-220,41-50
"M.Chinnaswamy Stadium, Bengaluru",2023,1359510,240,379.0,200,47.0,21||,170-200,41-50
"Sawai Mansingh Stadium, Jaipur",2023,1359511,240,372.0,202,47.0,32||,201-220,41-50
"Punjab Cricket Association IS Bindra Stadium, Mohali, Chandigarh",2023,1359512,239,458.0,257,67.0,56||,>220,>50
"Eden Gardens, Kolkata",2023,1359513,227,359.0,179,47.0,|7|13,170-200,41-50
"Arun Jaitley Stadium, Delhi",2023,1359514,240,385.0,197,48.0,9||,170-200,41-50
"MA Chidambaram Stadium, Chepauk, Chennai",2023,1359515,240,401.0,200,51.0,|4|0,170-200,>50
"Wankhede Stadium, Mumbai",2023,1359516,237,426.0,212,63.0,|6|3,201-220,>50
"Bharat Ratna Shri Atal Bihari Vajpayee Ekana Cricket Stadium, Lucknow",2023,1359517,239,234.0,126,20.0,18||,<140,20-30
"Narendra Modi Stadium, Motera, Ahmedabad",2023,1359518,240,255.0,130,27.0,5||,<140,20-30
"Punjab Cricket Association IS Bindra Stadium, Mohali, Chandigarh",2023,1359520,233,430.0,214,59.0,|6|7,201-220,>50
"Rajiv Gandhi International Stadium, Uppal, Hyderabad",2023,1359521,240,337.0,171,42.0,5||,170-200,41-50
"Sawai Mansingh Stadium, Jaipur",2023,1359522,190,237.0,118,29.0,|9|37,<140,20-30
"MA Chidambaram Stadium, Chepauk, Chennai",2023,1359523,226,279.0,139,32.0,|6|14,<140,31-40
"Arun Jaitley Stadium, Delhi",2023,1359524,220,368.0,181,49.0,|7|20,170-200,41-50
"Narendra Modi Stadium, Motera, Ahmedabad",2023,1359525,240,398.0,227,52.0,56||,>220,>50
"Sawai Mansingh Stadium, Jaipur",2023,1359526,240,431.0,214,58.0,|4|0,201-220,>50
"Eden Gardens, Kolkata",2023,1359527,240,361.0,179,53.0,|5|0,170-200,>50
"Wankhede Stadium, Mumbai",2023,1359528,219,399.0,199,58.0,|6|21,170-200,>50
"MA Chidambaram Stadium, Chepauk, Chennai",2023,1359529,240,307.0,167,33.0,27||,140-169,31-40
"Eden Gardens, Kolkata",2023,1359530,199,300.0,149,40.0,|9|41,140-169,31-40
"Wankhede Stadium, Mumbai",2023,1359531,240,409.0,218,62.0,27||,201-220,>50
"Rajiv Gandhi International Stadium, Uppal, Hyderabad",2023,1359532,236,367.0,182,51.0,|7|4,170-200,>50
"Arun Jaitley Stadium, Delhi",2023,1359533,240,303.0,167,40.0,31||,140-169,31-40
"Sawai Mansingh Stadium, Jaipur",2023,1359534,183,230.0,171,27.0,112||,170-200,20-30
"MA Chidambaram Stadium, Chepauk, Chennai",2023,1359535,231,291.0,144,29.0,|6|9,140-169,20-30
"Narendra Modi Stadium, Motera, Ahmedabad",2023,1359536,240,342.0,188,42.0,34||,170-200,41-50
"Bharat Ratna Shri Atal Bihari Vajpayee Ekana Cricket Stadium, Lucknow",2023,1359537,240,349.0,177,36.0,5||,170-200,31-40
"Himachal Pradesh Cricket Association Stadium, Dharamsala",2023,1359538,240,411.0,213,59.0,15||,201-220,>50
"Rajiv Gandhi International Stadium, Uppal, Hyderabad",2023,1359539,236,373.0,186,49.0,|8|4,170-200,41-50
"Himachal Pradesh Cricket Association Stadium, Dharamsala",2023,1359540,238,376.0,187,53.0,|4|2,170-200,>50
"Arun Jaitley Stadium, Delhi",2023,1359541,240,369.0,223,48.0,77||,>220,41-50
"Eden Gardens, Kolkata",2023,1359542,240,351.0,176,46.0,1||,170-200,41-50
"Wankhede Stadium, Mumbai",2023,1359543,228,401.0,200,58.0,|8|12,170-200,>50
"M.Chinnaswamy Stadium, Bengaluru",2023,1359544,235,395.0,197,53.0,|6|5,170-200,>50
"MA Chidambaram Stadium, Chepauk, Chennai",2023,1370350,240,329.0,172,36.0,15||,170-200,31-40
"MA Chidambaram Stadium, Chepauk, Chennai",2023,1370351,219,283.0,182,34.0,81||,170-200,31-40
"Narendra Modi Stadium, Motera, Ahmedabad",2023,1370352,230,404.0,233,55.0,62||,>220,>50
"Narendra Modi Stadium, Motera, Ahmedabad",2023,1370353,210,385.0,214,50.0,|5|0,201-220,41-50
"Wankhede Stadium, Mumbai",2022,1304047,231,264.0,131,30.0,|6|9,<140,20-30
"Brabourne Stadium, Mumbai",2022,1304048,230,356.0,177,49.0,|4|10,170-200,41-50
"Dr DY Patil Sports Academy, Navi Mumbai",2022,1304049,234,413.0,205,47.0,|5|6,201-220,41-50
"Wankhede Stadium, Mumbai",2022,1304050,238,319.0,158,45.0,|5|2,140-169,41-50
"Maharashtra Cricket Association Stadium, Pune",2022,1304051,240,359.0,210,47.0,61||,201-220,41-50
"Dr DY Patil Sports Academy, Navi Mumbai",2022,1304052,229,260.0,128,34.0,|3|4,<140,31-40
"Brabourne Stadium, Mumbai",2022,1304053,237,421.0,210,59.0,|6|3,201-220,>50
"Wankhede Stadium, Mumbai",2022,1304054,197,278.0,137,39.0,|6|33,<140,31-40
"Dr DY Patil Sports Academy, Navi Mumbai",2022,1304055,240,363.0,193,49.0,23||,170-200,41-50
"Maharashtra Cricket Association Stadium, Pune",2022,1304056,240,328.0,171,40.0,14||,170-200,31-40
"Brabourne Stadium, Mumbai",2022,1304057,228,306.0,180,39.0,54||,170-200,31-40
"Dr DY Patil Sports Academy, Navi Mumbai",2022,1304058,240,326.0,169,37.0,12||,140-169,31-40
"Wankhede Stadium, Mumbai",2022,1304059,235,342.0,169,42.0,|4|5,140-169,41-50
"Maharashtra Cricket Association Stadium, Pune",2022,1304060,216,323.0,161,44.0,|5|24,140-169,41-50
"Dr DY Patil Sports Academy, Navi Mumbai",2022,1304061,238,304.0,149,35.0,|6|2,140-169,31-40
"Brabourne Stadium, Mumbai",2022,1304062,240,379.0,189,53.0,|6|0,170-200,>50
"Dr DY Patil Sports Academy, Navi Mumbai",2022,1304063,226,309.0,154,36.0,|8|14,140-169,31-40
"Maharashtra Cricket Association Stadium, Pune",2022,1304064,231,303.0,151,38.0,|7|9,140-169,31-40
"Brabourne Stadium, Mumbai",2022,1304065,238,386.0,215,51.0,44||,201-220,>50
"Wankhede Stadium, Mumbai",2022,1304066,240,327.0,165,38.0,3||,140-169,31-40
"Dr DY Patil Sports Academy, Navi Mumbai",2022,1304067,235,330.0,162,37.0,|8|5,140-169,31-40
"Dr DY Patil Sports Academy, Navi Mumbai",2022,1304068,240,409.0,216,53.0,23||,201-220,>50
"Maharashtra Cricket Association Stadium, Pune",2022,1304069,240,384.0,198,49.0,12||,170-200,41-50
"Dr DY Patil Sports Academy, Navi Mumbai",2022,1304070,240,347.0,192,48.0,37||,170-200,41-50
"Brabourne Stadium, Mumbai",2022,1304071,227,351.0,175,47.0,|7|13,170-200,41-50
"Brabourne Stadium, Mumbai",2022,1304072,240,380.0,199,51.0,18||,170-200,>50
"Wankhede Stadium, Mumbai",2022,1304073,240,362.0,189,48.0,16||,170-200,41-50
"Dr DY Patil Sports Academy, Navi Mumbai",2022,1304074,233,303.0,151,36.0,|7|7,140-169,31-40
"Maharashtra Cricket Association Stadium, Pune",2022,1304075,239,339.0,169,41.0,|3|1,140-169,41-50
"Brabourne Stadium, Mumbai",2022,1304076,238,427.0,217,55.0,7||,201-220,>50
"Dr DY Patil Sports Academy, Navi Mumbai",2022,1304077,240,344.0,181,41.0,18||,170-200,41-50
"Brabourne Stadium, Mumbai",2022,1304078,183,234.0,115,36.0,|9|57,<140,31-40
"Dr DY Patil Sports Academy, Navi Mumbai",2022,1304079,240,311.0,155,36.0,|3|0,140-169,31-40
"Wankhede Stadium, Mumbai",2022,1304080,240,429.0,222,64.0,15||,>220,>50
"Dr DY Patil Sports Academy, Navi Mumbai",2022,1304081,240,304.0,156,35.0,8||,140-169,31-40
"Brabourne Stadium, Mumbai",2022,1304082,145,140.0,68,18.0,|9|72,<140,<20
"Wankhede Stadium, Mumbai",2022,1304083,240,300.0,168,32.0,36||,140-169,31-40
"Wankhede Stadium, Mumbai",2022,1304084,240,363.0,187,44.0,11||,170-200,41-50
"Maharashtra Cricket Association Stadium, Pune",2022,1304085,237,259.0,144,30.0,29||,140-169,20-30
"Wankhede Stadium, Mumbai",2022,1304086,240,394.0,195,50.0,|5|0,170-200,41-50
"Wankhede Stadium, Mumbai",2022,1304087,234,296.0,146,33.0,|4|6,140-169,31-40
"Maharashtra Cricket Association Stadium, Pune",2022,1304088,240,286.0,153,33.0,20||,140-169,31-40
"Brabourne Stadium, Mumbai",2022,1304089,237,344.0,170,44.0,|6|3,170-200,41-50
"Dr DY Patil Sports Academy, Navi Mumbai",2022,1304090,236,319.0,158,38.0,|5|4,140-169,31-40
"Wankhede Stadium, Mumbai",2022,1304091,240,384.0,195,48.0,6||,170-200,41-50
"Maharashtra Cricket Association Stadium, Pune",2022,1304092,240,391.0,202,47.0,13||,201-220,41-50
"Wankhede Stadium, Mumbai",2022,1304093,235,310.0,152,36.0,|7|5,140-169,31-40
"Dr DY Patil Sports Academy, Navi Mumbai",2022,1304094,216,288.0,143,33.0,|8|24,140-169,31-40
"Maharashtra Cricket Association Stadium, Pune",2022,1304095,240,333.0,173,39.0,13||,170-200,31-40
"Brabourne Stadium, Mumbai",2022,1304096,240,393.0,207,57.0,21||,201-220,>50
"Brabourne Stadium, Mumbai",2022,1304097,240,349.0,177,46.0,5||,170-200,41-50
"Wankhede Stadium, Mumbai",2022,1304098,238,379.0,189,56.0,|6|2,170-200,>50
"Maharashtra Cricket Association Stadium, Pune",2022,1304099,207,277.0,176,35.0,75||,170-200,31-40
"Wankhede Stadium, Mumbai",2022,1304100,236,317.0,192,41.0,67||,170-200,41-50
"Dr DY Patil Sports Academy, Navi Mumbai",2022,1304101,226,325.0,208,44.0,91||,201-220,41-50
"Dr DY Patil Sports Academy, Navi Mumbai",2022,1304102,225,278.0,165,33.0,52||,140-169,31-40
"Maharashtra Cricket Association Stadium, Pune",2022,1304103,203,226.0,144,26.0,62||,140-169,20-30
"Dr DY Patil Sports Academy, Navi Mumbai",2022,1304104,229,321.0,160,40.0,|8|11,140-169,31-40
"Wankhede Stadium, Mumbai",2022,1304105,185,200.0,97,25.0,|5|31,<140,20-30
"Brabourne Stadium, Mumbai",2022,1304106,240,364.0,209,48.0,54||,201-220,41-50
"Maharashtra Cricket Association Stadium, Pune",2022,1304107,240,300.0,177,34.0,54||,170-200,31-40
"Wankhede Stadium, Mumbai",2022,1304108,235,270.0,133,27.0,|7|5,<140,20-30
"Brabourne Stadium, Mumbai",2022,1304109,240,332.0,178,41.0,24||,170-200,41-50
"Dr DY Patil Sports Academy, Navi Mumbai",2022,1304110,240,301.0,159,36.0,17||,140-169,31-40
"Wankhede Stadium, Mumbai",2022,1304111,240,383.0,193,48.0,3||,170-200,41-50
"Dr DY Patil Sports Academy, Navi Mumbai",2022,1304112,240,418.0,210,58.0,2||,201-220,>50
"Wankhede Stadium, Mumbai",2022,1304113,232,338.0,168,43.0,|8|8,140-169,41-50
"Brabourne Stadium, Mumbai",2022,1304114,238,301.0,150,38.0,|5|2,140-169,31-40
"Wankhede Stadium, Mumbai",2022,1304115,235,319.0,159,38.0,|5|5,140-169,31-40
"Wankhede Stadium, Mumbai",2022,1304116,211,317.0,157,43.0,|5|29,140-169,41-50
"Eden Gardens, Kolkata",2022,1312197,237,379.0,188,51.0,|7|3,170-200,>50
"Eden Gardens, Kolkata",2022,1312198,240,400.0,207,50.0,14||,201-220,41-50
"Narendra Modi Stadium, Motera, Ahmedabad",2022,1312199,229,318.0,157,38.0,|7|11,140-169,31-40
"Narendra Modi Stadium, Motera, Ahmedabad",2022,1312200,229,263.0,130,29.0,|7|11,<140,20-30
Dubai International Cricket Stadium,2021,1254117,240,357.0,192,42.0,27||,170-200,41-50
Sharjah Cricket Stadium,2021,1254116,239,271.0,135,23.0,|3|1,<140,20-30
Sharjah Cricket Stadium,2021,1254115,238,277.0,138,25.0,|4|2,<140,20-30
Dubai International Cricket Stadium,2021,1254114,238,345.0,172,43.0,|4|2,170-200,41-50
Dubai International Cricket Stadium,2021,1254101,240,330.0,164,36.0,|7|0,140-169,31-40
"Sheikh Zayed Stadium, Abu Dhabi",2021,1254088,240,428.0,235,63.0,42||,>220,>50
Sharjah Cricket Stadium,2021,1254106,217,256.0,171,30.0,86||,170-200,20-30
Dubai International Cricket Stadium,2021,1254094,198,273.0,134,34.0,|6|42,<140,31-40
"Sheikh Zayed Stadium, Abu Dhabi",2021,1254095,240,278.0,141,32.0,4||,140-169,31-40
Sharjah Cricket Stadium,2021,1254093,170,184.0,90,23.0,|8|70,<140,20-30
Dubai International Cricket Stadium,2021,1254110,238,275.0,136,28.0,|3|2,<140,20-30
Dubai International Cricket Stadium,2021,1254109,238,234.0,115,29.0,|6|2,<140,20-30
Sharjah Cricket Stadium,2021,1254090,240,322.0,164,37.0,6||,140-169,31-40
"Sheikh Zayed Stadium, Abu Dhabi",2021,1254089,225,379.0,189,51.0,|7|15,170-200,>50
Sharjah Cricket Stadium,2021,1254112,235,261.0,129,27.0,|4|5,<140,20-30
Dubai International Cricket Stadium,2021,1254102,237,333.0,165,36.0,|5|3,140-169,31-40
Sharjah Cricket Stadium,2021,1254091,238,273.0,134,28.0,|6|2,<140,20-30
Dubai International Cricket Stadium,2021,1254103,223,302.0,149,37.0,|7|17,140-169,31-40
"Sheikh Zayed Stadium, Abu Dhabi",2021,1254099,234,272.0,135,28.0,|6|6,<140,20-30
Sharjah Cricket Stadium,2021,1254092,230,257.0,127,29.0,|3|10,<140,20-30
Dubai International Cricket Stadium,2021,1254100,231,331.0,164,39.0,|7|9,140-169,31-40
Dubai International Cricket Stadium,2021,1254108,229,276.0,165,33.0,54||,140-169,31-40
"Sheikh Zayed Stadium, Abu Dhabi",2021,1254098,240,343.0,171,42.0,|2|0,170-200,41-50
Sharjah Cricket Stadium,2021,1254107,240,245.0,125,17.0,5||,<140,<20
"Sheikh Zayed Stadium, Abu Dhabi",2021,1254097,240,275.0,154,23.0,33||,140-169,20-30
Sharjah Cricket Stadium,2021,1254113,229,313.0,156,37.0,|6|11,140-169,31-40
"Sheikh Zayed Stadium, Abu Dhabi",2021,1254096,211,314.0,155,39.0,|7|29,140-169,31-40
Dubai International Cricket Stadium,2021,1254105,227,273.0,134,31.0,|8|13,<140,31-40
Dubai International Cricket Stadium,2021,1254111,240,368.0,185,47.0,2||,170-200,41-50
"Sheikh Zayed Stadium, Abu Dhabi",2021,1254087,174,186.0,92,23.0,|9|60,<140,20-30
Dubai International Cricket Stadium,2021,1254104,240,292.0,156,33.0,20||,140-169,31-40
"Narendra Modi Stadium, Motera, Ahmedabad",2021,1254086,226,333.0,166,38.0,|7|14,140-169,31-40
"Arun Jaitley Stadium, Delhi",2021,1254085,240,385.0,220,49.0,55||,201-220,41-50
"Arun Jaitley Stadium, Delhi",2021,1254084,240,437.0,218,60.0,|4|0,201-220,>50
"Narendra Modi Stadium, Motera, Ahmedabad",2021,1254083,240,324.0,179,40.0,34||,170-200,31-40
"Narendra Modi Stadium, Motera, Ahmedabad",2021,1254082,219,310.0,154,40.0,|7|21,140-169,31-40
"Arun Jaitley Stadium, Delhi",2021,1254081,231,343.0,171,40.0,|7|9,170-200,31-40
"Arun Jaitley Stadium, Delhi",2021,1254080,231,344.0,171,45.0,|7|9,170-200,41-50
"Narendra Modi Stadium, Motera, Ahmedabad",2021,1254079,240,341.0,171,38.0,1||,170-200,31-40
"Narendra Modi Stadium, Motera, Ahmedabad",2021,1254078,220,249.0,123,32.0,|5|20,<140,31-40
"MA Chidambaram Stadium, Chepauk, Chennai",2021,1254077,240,318.0,159,39.0,one-over eliminator,140-169,31-40
"Wankhede Stadium, Mumbai",2021,1254076,240,313.0,191,40.0,69||,170-200,31-40
"Wankhede Stadium, Mumbai",2021,1254075,233,267.0,133,29.0,|6|7,<140,20-30
"MA Chidambaram Stadium, Chepauk, Chennai",2021,1254074,226,263.0,131,30.0,|9|14,<140,20-30
"Wankhede Stadium, Mumbai",2021,1254073,219,358.0,177,51.0,|10|21,170-200,>50
"Wankhede Stadium, Mumbai",2021,1254072,235,422.0,220,61.0,18||,201-220,>50
"MA Chidambaram Stadium, Chepauk, Chennai",2021,1254071,230,241.0,120,19.0,|9|8,<140,<20
"MA Chidambaram Stadium, Chepauk, Chennai",2021,1254070,235,275.0,137,29.0,|6|5,<140,20-30
"Wankhede Stadium, Mumbai",2021,1254069,240,331.0,188,38.0,45||,170-200,31-40
"Wankhede Stadium, Mumbai",2021,1254068,230,393.0,195,54.0,|6|10,170-200,>50
"MA Chidambaram Stadium, Chepauk, Chennai",2021,1254067,240,370.0,204,52.0,38||,201-220,>50
"MA Chidambaram Stadium, Chepauk, Chennai",2021,1254066,238,287.0,150,31.0,13||,140-169,31-40
"Wankhede Stadium, Mumbai",2021,1254065,214,213.0,106,26.0,|6|26,<140,20-30
"Wankhede Stadium, Mumbai",2021,1254064,238,297.0,147,39.0,|3|2,140-169,31-40
"MA Chidambaram Stadium, Chepauk, Chennai",2021,1254063,240,292.0,149,33.0,6||,140-169,31-40
"MA Chidambaram Stadium, Chepauk, Chennai",2021,1254062,240,294.0,152,36.0,10||,140-169,31-40
"Wankhede Stadium, Mumbai",2021,1254061,240,438.0,221,64.0,4||,>220,>50
"MA Chidambaram Stadium, Chepauk, Chennai",2021,1254060,240,364.0,187,45.0,10||,170-200,41-50
"Wankhede Stadium, Mumbai",2021,1254059,232,378.0,188,55.0,|7|8,170-200,>50
"MA Chidambaram Stadium, Chepauk, Chennai",2021,1254058,240,319.0,159,37.0,|2|0,140-169,31-40
"Sheikh Zayed Stadium, Abu Dhabi",2020,1216492,236,328.0,162,40.0,|5|,140-169,31-40
Dubai International Cricket Stadium,2020,1216493,240,314.0,157,37.0,one-over eliminator,140-169,31-40
Dubai International Cricket Stadium,2020,1216534,238,316.0,163,34.0,10||,140-169,31-40
Sharjah Cricket Stadium,2020,1216496,240,416.0,216,51.0,16||,201-220,>50
"Sheikh Zayed Stadium, Abu Dhabi",2020,1216508,240,341.0,195,42.0,49||,170-200,41-50
Dubai International Cricket Stadium,2020,1216510,222,315.0,206,41.0,97||,201-220,41-50
Dubai International Cricket Stadium,2020,1216539,240,306.0,175,34.0,44||,170-200,31-40
"Sheikh Zayed Stadium, Abu Dhabi",2020,1216545,228,287.0,142,30.0,|7|,140-169,20-30
Sharjah Cricket Stadium,2020,1216527,237,449.0,223,63.0,|4|,>220,>50
Dubai International Cricket Stadium,2020,1216547,240,402.0,201,49.0,one-over eliminator,201-220,41-50
"Sheikh Zayed Stadium, Abu Dhabi",2020,1216532,240,309.0,162,29.0,15||,140-169,20-30
Dubai International Cricket Stadium,2020,1216504,240,311.0,174,32.0,37||,170-200,31-40
"Sheikh Zayed Stadium, Abu Dhabi",2020,1216503,240,334.0,191,40.0,48||,170-200,31-40
Dubai International Cricket Stadium,2020,1216516,240,321.0,164,40.0,7||,140-169,31-40
"Sheikh Zayed Stadium, Abu Dhabi",2020,1216514,235,312.0,154,36.0,|8|,140-169,31-40
Sharjah Cricket Stadium,2020,1216515,240,438.0,228,58.0,18||,>220,>50
Sharjah Cricket Stadium,2020,1216538,240,382.0,208,48.0,34||,201-220,41-50
Dubai International Cricket Stadium,2020,1216513,226,359.0,178,46.0,|10|,170-200,41-50
Dubai International Cricket Stadium,2020,1216519,240,333.0,196,38.0,59||,170-200,31-40
"Sheikh Zayed Stadium, Abu Dhabi",2020,1216511,229,329.0,193,43.0,57||,170-200,41-50
"Sheikh Zayed Stadium, Abu Dhabi",2020,1216501,240,324.0,167,40.0,10||,140-169,31-40
Dubai International Cricket Stadium,2020,1216542,221,333.0,201,40.0,69||,201-220,31-40
Sharjah Cricket Stadium,2020,1216500,238,322.0,184,36.0,46||,170-200,31-40
"Sheikh Zayed Stadium, Abu Dhabi",2020,1216523,240,326.0,164,38.0,2||,140-169,31-40
Dubai International Cricket Stadium,2020,1216525,240,301.0,169,28.0,37||,140-169,20-30
Dubai International Cricket Stadium,2020,1216507,239,321.0,158,33.0,|5|,140-169,31-40
"Sheikh Zayed Stadium, Abu Dhabi",2020,1216529,238,328.0,162,39.0,|5|,140-169,31-40
Sharjah Cricket Stadium,2020,1216540,240,306.0,194,32.0,82||,170-200,31-40
Dubai International Cricket Stadium,2020,1216528,240,314.0,167,36.0,20||,140-169,31-40
Dubai International Cricket Stadium,2020,1216543,240,309.0,161,34.0,13||,140-169,31-40
Sharjah Cricket Stadium,2020,1216531,240,348.0,171,36.0,|8|,170-200,31-40
"Sheikh Zayed Stadium, Abu Dhabi",2020,1216526,221,297.0,148,41.0,|8|,140-169,41-50
Dubai International Cricket Stadium,2020,1216522,238,356.0,177,37.0,|7|,170-200,31-40
Sharjah Cricket Stadium,2020,1216509,239,364.0,179,47.0,|5|,170-200,41-50
"Sheikh Zayed Stadium, Abu Dhabi",2020,1216512,240,326.0,163,41.0,one-over eliminator,140-169,41-50
Dubai International Cricket Stadium,2020,1216517,240,352.0,176,46.0,one-over eliminator,170-200,41-50
"Sheikh Zayed Stadium, Abu Dhabi",2020,1216533,225,251.0,125,27.0,|7|,<140,20-30
Dubai International Cricket Stadium,2020,1216546,234,331.0,164,40.0,|5|,140-169,31-40
"Sheikh Zayed Stadium, Abu Dhabi",2020,1216494,201,169.0,84,19.0,|8|,<140,<20
Dubai International Cricket Stadium,2020,1216518,229,310.0,154,37.0,|8|,140-169,31-40
Sharjah Cricket Stadium,2020,1216521,194,230.0,114,30.0,|10|,<140,20-30
"Sheikh Zayed Stadium, Abu Dhabi",2020,1216497,240,329.0,194,44.0,59||,170-200,41-50
Dubai International Cricket Stadium,2020,1216498,239,240.0,126,23.0,12||,<140,20-30
Dubai International Cricket Stadium,2020,1216544,232,295.0,145,32.0,|8|,140-169,31-40
"Sheikh Zayed Stadium, Abu Dhabi",2020,1216541,230,391.0,195,54.0,|8|,170-200,>50
Sharjah Cricket Stadium,2020,1216520,233,299.0,149,41.0,|8|,140-169,41-50
Dubai International Cricket Stadium,2020,1216524,234,350.0,219,46.0,88||,201-220,41-50
"Sheikh Zayed Stadium, Abu Dhabi",2020,1216499,235,330.0,164,46.0,|5|,140-169,41-50
Dubai International Cricket Stadium,2020,1216536,240,350.0,172,47.0,|6|,170-200,41-50
"Sheikh Zayed Stadium, Abu Dhabi",2020,1216537,225,371.0,185,50.0,|7|,170-200,41-50
Dubai International Cricket Stadium,2020,1216535,206,221.0,110,24.0,|9|,<140,20-30
Sharjah Cricket Stadium,2020,1216502,205,241.0,120,25.0,|5|,<140,20-30
"Sheikh Zayed Stadium, Abu Dhabi",2020,1216506,233,307.0,153,32.0,|9|,140-169,31-40
Dubai International Cricket Stadium,2020,1216530,240,322.0,191,43.0,60||,170-200,41-50
"Sheikh Zayed Stadium, Abu Dhabi",2020,1216505,234,306.0,152,32.0,|6|,140-169,31-40
Sharjah Cricket Stadium,2020,1216495,223,300.0,149,37.0,|10|,140-169,31-40
Dubai International Cricket Stadium,2020,1237177,240,343.0,200,46.0,57||,170-200,41-50
"Sheikh Zayed Stadium, Abu Dhabi",2020,1237178,238,263.0,131,25.0,|6|,<140,20-30
"Sheikh Zayed Stadium, Abu Dhabi",2020,1237180,240,361.0,189,41.0,17||,170-200,41-50
Dubai International Cricket Stadium,2020,1237181,232,313.0,156,40.0,|5|,140-169,31-40
"MA Chidambaram Stadium, Chepauk, Chennai",2019,1175356,209,141.0,70,11.0,|7|,<140,<20
"Eden Gardens, Kolkata",2019,1175357,238,364.0,181,47.0,|6|,170-200,41-50
"Wankhede Stadium, Mumbai",2019,1175358,236,389.0,213,59.0,37||,201-220,>50
"Sawai Mansingh Stadium, Jaipur",2019,1175359,240,354.0,184,45.0,14||,170-200,41-50
"Arun Jaitley Stadium, Delhi",2019,1175360,238,297.0,147,37.0,|6|,140-169,31-40
"Eden Gardens, Kolkata",2019,1175361,240,408.0,218,57.0,28||,201-220,>50
"M.Chinnaswamy Stadium, Bengaluru",2019,1175362,240,368.0,187,50.0,6||,170-200,41-50
"Rajiv Gandhi International Stadium, Uppal, Hyderabad",2019,1175363,234,399.0,198,52.0,|5|,170-200,>50
"Punjab Cricket Association IS Bindra Stadium, Mohali, Chandigarh",2019,1175364,232,353.0,176,46.0,|8|,170-200,41-50
"Arun Jaitley Stadium, Delhi",2019,1175365,240,370.0,185,52.0,one-over eliminator,170-200,>50
"Rajiv Gandhi International Stadium, Uppal, Hyderabad",2019,1175366,239,344.0,231,43.0,118||,>220,41-50
"MA Chidambaram Stadium, Chepauk, Chennai",2019,1175367,240,342.0,175,40.0,8||,170-200,31-40
"Punjab Cricket Association IS Bindra Stadium, Mohali, Chandigarh",2019,1175368,236,318.0,166,42.0,14||,140-169,41-50
"Sawai Mansingh Stadium, Jaipur",2019,1175369,239,322.0,158,41.0,|7|,140-169,41-50
"Wankhede Stadium, Mumbai",2019,1175370,240,303.0,170,40.0,37||,170-200,31-40
"Arun Jaitley Stadium, Delhi",2019,1175371,231,260.0,129,29.0,|5|,<140,20-30
"M.Chinnaswamy Stadium, Bengaluru",2019,1175372,235,411.0,205,54.0,|5|,201-220,>50
"MA Chidambaram Stadium, Chepauk, Chennai",2019,1178393,240,298.0,160,30.0,22||,140-169,20-30
"Rajiv Gandhi International Stadium, Uppal, Hyderabad",2019,1178394,226,232.0,136,24.0,40||,<140,20-30
"M.Chinnaswamy Stadium, Bengaluru",2019,1178395,233,301.0,149,36.0,|4|,140-169,31-40
"Sawai Mansingh Stadium, Jaipur",2019,1178396,203,279.0,139,36.0,|8|,<140,31-40
"Punjab Cricket Association IS Bindra Stadium, Mohali, Chandigarh",2019,1178397,239,301.0,150,30.0,|6|,140-169,20-30
"MA Chidambaram Stadium, Chepauk, Chennai",2019,1178398,224,219.0,108,25.0,|7|,<140,20-30
"Wankhede Stadium, Mumbai",2019,1178399,240,395.0,197,52.0,|3|,170-200,>50
"Sawai Mansingh Stadium, Jaipur",2019,1178400,240,306.0,151,31.0,|4|,140-169,31-40
"Eden Gardens, Kolkata",2019,1178401,233,358.0,178,48.0,|7|,170-200,41-50
"Wankhede Stadium, Mumbai",2019,1178402,237,375.0,187,51.0,|4|,170-200,>50
"Punjab Cricket Association IS Bindra Stadium, Mohali, Chandigarh",2019,1178403,236,347.0,173,46.0,|8|,170-200,41-50
"Eden Gardens, Kolkata",2019,1178404,238,323.0,161,44.0,|5|,140-169,41-50
"Rajiv Gandhi International Stadium, Uppal, Hyderabad",2019,1178405,233,271.0,155,28.0,39||,140-169,20-30
"Wankhede Stadium, Mumbai",2019,1178406,234,343.0,171,47.0,|5|,170-200,41-50
"Punjab Cricket Association IS Bindra Stadium, Mohali, Chandigarh",2019,1178407,240,352.0,182,35.0,12||,170-200,31-40
"Rajiv Gandhi International Stadium, Uppal, Hyderabad",2019,1178408,221,269.0,132,31.0,|6|,<140,31-40
"Arun Jaitley Stadium, Delhi",2019,1178409,240,296.0,168,32.0,40||,140-169,31-40
"Eden Gardens, Kolkata",2019,1178410,240,416.0,213,61.0,10||,201-220,>50
"Sawai Mansingh Stadium, Jaipur",2019,1178411,235,323.0,161,39.0,|5|,140-169,31-40
"Arun Jaitley Stadium, Delhi",2019,1178412,238,329.0,163,42.0,|5|,140-169,41-50
"Rajiv Gandhi International Stadium, Uppal, Hyderabad",2019,1178413,210,320.0,159,38.0,|9|,140-169,31-40
"M.Chinnaswamy Stadium, Bengaluru",2019,1178414,240,321.0,161,38.0,1||,140-169,31-40
"Sawai Mansingh Stadium, Jaipur",2019,1178415,236,384.0,191,53.0,|6|,170-200,>50
"MA Chidambaram Stadium, Chepauk, Chennai",2019,1178416,239,351.0,175,42.0,|6|,170-200,41-50
"M.Chinnaswamy Stadium, Bengaluru",2019,1178417,240,387.0,202,55.0,17||,201-220,>50
"Eden Gardens, Kolkata",2019,1178418,236,352.0,175,51.0,|3|,170-200,>50
"MA Chidambaram Stadium, Chepauk, Chennai",2019,1178419,226,264.0,155,29.0,46||,140-169,20-30
"Sawai Mansingh Stadium, Jaipur",2019,1178420,235,321.0,160,33.0,|7|,140-169,31-40
"Arun Jaitley Stadium, Delhi",2019,1178421,240,358.0,187,46.0,16||,170-200,41-50
"Eden Gardens, Kolkata",2019,1178422,240,430.0,232,64.0,34||,>220,>50
"Rajiv Gandhi International Stadium, Uppal, Hyderabad",2019,1178423,240,379.0,212,42.0,45||,201-220,41-50
"M.Chinnaswamy Stadium, Bengaluru",2019,1178424,50,103.0,62,16.0,no result,<140,<20
"MA Chidambaram Stadium, Chepauk, Chennai",2019,1178425,218,278.0,179,36.0,80||,170-200,31-40
"Wankhede Stadium, Mumbai",2019,1178426,240,324.0,162,42.0,one-over eliminator,140-169,41-50
"Punjab Cricket Association IS Bindra Stadium, Mohali, Chandigarh",2019,1178427,228,368.0,183,48.0,|7|,170-200,41-50
"Arun Jaitley Stadium, Delhi",2019,1178428,217,236.0,115,24.0,|5|,<140,20-30
"M.Chinnaswamy Stadium, Bengaluru",2019,1178429,236,353.0,175,47.0,|4|,170-200,41-50
"Punjab Cricket Association IS Bindra Stadium, Mohali, Chandigarh",2019,1178430,228,343.0,170,45.0,|6|,170-200,41-50
"Wankhede Stadium, Mumbai",2019,1178431,217,267.0,133,32.0,|9|,<140,31-40
"MA Chidambaram Stadium, Chepauk, Chennai",2019,1181764,231,263.0,131,30.0,|6|,<140,20-30
"Dr. Y.S. Rajasekhara Reddy ACA-VDCA Cricket Stadium, Visakhapatnam",2019,1181766,239,327.0,162,42.0,|2|,140-169,41-50
"Dr. Y.S. Rajasekhara Reddy ACA-VDCA Cricket Stadium, Visakhapatnam",2019,1181767,234,298.0,147,36.0,|6|,140-169,31-40
"Rajiv Gandhi International Stadium, Uppal, Hyderabad",2019,1181768,240,297.0,149,35.0,1||,140-169,31-40
"Wankhede Stadium, Mumbai",2018,1136561,239,334.0,165,44.0,|1|,140-169,41-50
"Punjab Cricket Association IS Bindra Stadium, Mohali, Chandigarh",2018,1136562,233,333.0,166,39.0,|6|,140-169,31-40
"Eden Gardens, Kolkata",2018,1136563,233,353.0,176,48.0,|4|,170-200,41-50
"Rajiv Gandhi International Stadium, Uppal, Hyderabad",2018,1136564,215,252.0,125,31.0,|9|,<140,31-40
"MA Chidambaram Stadium, Chepauk, Chennai",2018,1136565,239,407.0,202,51.0,|5|,201-220,>50
"Sawai Mansingh Stadium, Jaipur",2018,1136566,143,213.0,153,26.0,10||,140-169,20-30
"Rajiv Gandhi International Stadium, Uppal, Hyderabad",2018,1136567,240,298.0,147,40.0,|1|,140-169,31-40
"M.Chinnaswamy Stadium, Bengaluru",2018,1136568,233,314.0,155,39.0,|4|,140-169,31-40
"Wankhede Stadium, Mumbai",2018,1136569,240,389.0,194,54.0,|7|,170-200,>50
"Eden Gardens, Kolkata",2018,1136570,234,277.0,138,33.0,|5|6,<140,31-40
"M.Chinnaswamy Stadium, Bengaluru",2018,1136571,240,415.0,217,55.0,19||,201-220,>50
"Punjab Cricket Association IS Bindra Stadium, Mohali, Chandigarh",2018,1136572,240,390.0,197,51.0,4||,170-200,>50
"Eden Gardens, Kolkata",2018,1136573,206,329.0,200,47.0,71||,170-200,41-50
"Wankhede Stadium, Mumbai",2018,1136574,240,380.0,213,50.0,46||,201-220,41-50
"Sawai Mansingh Stadium, Jaipur",2018,1136575,233,323.0,160,40.0,|7|7,140-169,31-40
"Punjab Cricket Association IS Bindra Stadium, Mohali, Chandigarh",2018,1136576,240,371.0,193,40.0,15||,170-200,31-40
"Maharashtra Cricket Association Stadium, Pune",2018,1136577,231,344.0,204,44.0,64||,201-220,41-50
"Eden Gardens, Kolkata",2018,1136578,187,317.0,191,48.0,|9|11,170-200,41-50
"M.Chinnaswamy Stadium, Bengaluru",2018,1136579,228,350.0,174,46.0,|6|12,170-200,41-50
"Rajiv Gandhi International Stadium, Uppal, Hyderabad",2018,1136580,240,360.0,182,47.0,4||,170-200,41-50
"Sawai Mansingh Stadium, Jaipur",2018,1136581,238,335.0,167,37.0,|3|2,140-169,31-40
"Arun Jaitley Stadium, Delhi",2018,1136582,240,282.0,143,28.0,4||,140-169,20-30
"Wankhede Stadium, Mumbai",2018,1136583,225,205.0,118,25.0,31||,<140,20-30
"M.Chinnaswamy Stadium, Bengaluru",2018,1136584,238,412.0,205,51.0,|5|2,201-220,>50
"Rajiv Gandhi International Stadium, Uppal, Hyderabad",2018,1136585,236,251.0,132,26.0,13||,<140,20-30
"Arun Jaitley Stadium, Delhi",2018,1136586,240,383.0,219,52.0,55||,201-220,>50
"Maharashtra Cricket Association Stadium, Pune",2018,1136587,238,339.0,169,41.0,|8|2,140-169,41-50
"Sawai Mansingh Stadium, Jaipur",2018,1136588,240,291.0,151,28.0,11||,140-169,20-30
"M.Chinnaswamy Stadium, Bengaluru",2018,1136589,235,351.0,175,45.0,|6|5,170-200,41-50
"Maharashtra Cricket Association Stadium, Pune",2018,1136590,240,409.0,211,54.0,13||,201-220,>50
"M.Chinnaswamy Stadium, Bengaluru",2018,1136591,240,320.0,167,37.0,14||,140-169,31-40
"Arun Jaitley Stadium, Delhi",2018,1136592,175,342.0,196,50.0,4||,170-200,41-50
"Eden Gardens, Kolkata",2018,1136593,226,357.0,177,51.0,|6|14,170-200,>50
"Holkar Cricket Stadium, Indore",2018,1136594,234,350.0,174,45.0,|6|6,170-200,41-50
"Maharashtra Cricket Association Stadium, Pune",2018,1136595,228,255.0,127,30.0,|6|12,<140,20-30
"Rajiv Gandhi International Stadium, Uppal, Hyderabad",2018,1136596,239,327.0,163,33.0,|7|1,140-169,31-40
"Wankhede Stadium, Mumbai",2018,1136597,240,349.0,181,51.0,13||,170-200,>50
"Holkar Cricket Stadium, Indore",2018,1136598,232,307.0,152,36.0,|6|8,140-169,31-40
"Rajiv Gandhi International Stadium, Uppal, Hyderabad",2018,1136599,240,287.0,146,33.0,5||,140-169,31-40
"Sawai Mansingh Stadium, Jaipur",2018,1136600,240,301.0,158,32.0,15||,140-169,31-40
"Eden Gardens, Kolkata",2018,1136601,229,318.0,210,46.0,102||,201-220,41-50
"Arun Jaitley Stadium, Delhi",2018,1136602,233,378.0,187,54.0,|9|7,170-200,>50
"Sawai Mansingh Stadium, Jaipur",2018,1136603,239,353.0,176,42.0,|4|1,170-200,41-50
"Holkar Cricket Stadium, Indore",2018,1136604,240,459.0,245,67.0,31||,>220,>50
"Arun Jaitley Stadium, Delhi",2018,1136605,234,368.0,181,47.0,|5|6,170-200,41-50
"Maharashtra Cricket Association Stadium, Pune",2018,1136606,234,359.0,179,47.0,|8|6,170-200,41-50
"Wankhede Stadium, Mumbai",2018,1136607,228,339.0,168,45.0,|7|,140-169,41-50
"Holkar Cricket Stadium, Indore",2018,1136608,140,180.0,88,25.0,|10|71,<140,20-30
"Eden Gardens, Kolkata",2018,1136609,222,287.0,142,41.0,|6|12,140-169,41-50
"Wankhede Stadium, Mumbai",2018,1136610,240,369.0,186,45.0,3||,170-200,41-50
"M.Chinnaswamy Stadium, Bengaluru",2018,1136611,240,422.0,218,60.0,14||,201-220,>50
"Arun Jaitley Stadium, Delhi",2018,1136612,240,290.0,162,32.0,34||,140-169,31-40
"Sawai Mansingh Stadium, Jaipur",2018,1136613,236,298.0,164,34.0,30||,140-169,31-40
"Rajiv Gandhi International Stadium, Uppal, Hyderabad",2018,1136614,238,345.0,172,42.0,|5|2,170-200,41-50
"Arun Jaitley Stadium, Delhi",2018,1136615,237,337.0,174,39.0,11||,170-200,31-40
"Maharashtra Cricket Association Stadium, Pune",2018,1136616,233,312.0,153,35.0,|5|5,140-169,31-40
"Wankhede Stadium, Mumbai",2018,1136617,235,279.0,139,34.0,|2|5,<140,31-40
"Eden Gardens, Kolkata",2018,1136618,240,313.0,169,37.0,25||,140-169,31-40
"Eden Gardens, Kolkata",2018,1136619,240,334.0,174,45.0,14||,170-200,41-50
"Wankhede Stadium, Mumbai",2018,1136620,231,359.0,178,48.0,|8|9,170-200,41-50
"Rajiv Gandhi International Stadium, Uppal, Hyderabad",2017,1082591,238,379.0,207,49.0,35||,201-220,41-50
"Maharashtra Cricket Association Stadium, Pune",2017,1082592,239,371.0,184,47.0,|7|1,170-200,41-50
"Saurashtra Cricket Association Stadium, Rajkot",2017,1082593,209,367.0,183,52.0,|10|31,170-200,>50
"Holkar Cricket Stadium, Indore",2017,1082594,234,327.0,163,37.0,|6|6,140-169,31-40
"M.Chinnaswamy Stadium, Bengaluru",2017,1082595,240,299.0,157,36.0,15||,140-169,31-40
"Rajiv Gandhi International Stadium, Uppal, Hyderabad",2017,1082596,213,275.0,135,30.0,|9|27,<140,20-30
"Wankhede Stadium, Mumbai",2017,1082597,239,358.0,178,44.0,|4|1,170-200,41-50
"Holkar Cricket Stadium, Indore",2017,1082598,207,298.0,148,37.0,|8|33,140-169,31-40
"Maharashtra Cricket Association Stadium, Pune",2017,1082599,217,313.0,205,38.0,97||,201-220,31-40
"Wankhede Stadium, Mumbai",2017,1082600,232,317.0,158,43.0,|4|8,140-169,41-50
"Eden Gardens, Kolkata",2017,1082601,219,341.0,170,48.0,|8|21,170-200,41-50
"M.Chinnaswamy Stadium, Bengaluru",2017,1082602,233,287.0,142,25.0,|4|7,140-169,20-30
"Saurashtra Cricket Association Stadium, Rajkot",2017,1082603,228,343.0,171,48.0,|7|12,170-200,41-50
"Eden Gardens, Kolkata",2017,1082604,240,327.0,172,41.0,17||,170-200,41-50
"Arun Jaitley Stadium, Delhi",2017,1082605,240,325.0,188,42.0,51||,170-200,41-50
"Wankhede Stadium, Mumbai",2017,1082606,237,353.0,176,37.0,|6|3,170-200,31-40
"M.Chinnaswamy Stadium, Bengaluru",2017,1082607,240,295.0,161,33.0,27||,140-169,31-40
"Arun Jaitley Stadium, Delhi",2017,1082608,239,337.0,168,41.0,|4|1,140-169,41-50
"Rajiv Gandhi International Stadium, Uppal, Hyderabad",2017,1082609,238,313.0,159,33.0,5||,140-169,31-40
"Saurashtra Cricket Association Stadium, Rajkot",2017,1082610,240,405.0,213,54.0,21||,201-220,>50
"Rajiv Gandhi International Stadium, Uppal, Hyderabad",2017,1082611,240,367.0,191,46.0,15||,170-200,41-50
"Holkar Cricket Stadium, Indore",2017,1082612,213,397.0,198,54.0,|8|27,170-200,>50
"Eden Gardens, Kolkata",2017,1082613,230,375.0,187,55.0,|4|10,170-200,>50
"Maharashtra Cricket Association Stadium, Pune",2017,1082615,240,355.0,176,46.0,|6|0,170-200,41-50
"Wankhede Stadium, Mumbai",2017,1082614,240,270.0,142,29.0,14||,140-169,20-30
"Saurashtra Cricket Association Stadium, Rajkot",2017,1082616,240,350.0,188,44.0,26||,170-200,41-50
"Eden Gardens, Kolkata",2017,1082617,175,180.0,131,24.0,82||,<140,20-30
"Wankhede Stadium, Mumbai",2017,1082618,240,317.0,160,41.0,3||,140-169,41-50
"Maharashtra Cricket Association Stadium, Pune",2017,1082620,229,366.0,182,46.0,|7|11,170-200,41-50
"M.Chinnaswamy Stadium, Bengaluru",2017,1082621,203,269.0,134,33.0,|7|37,<140,31-40
"Eden Gardens, Kolkata",2017,1082622,218,321.0,160,42.0,|7|22,140-169,41-50
"Punjab Cricket Association IS Bindra Stadium, Mohali, Chandigarh",2017,1082623,240,388.0,207,55.0,26||,201-220,>50
"Maharashtra Cricket Association Stadium, Pune",2017,1082624,240,253.0,157,25.0,61||,140-169,20-30
"Saurashtra Cricket Association Stadium, Rajkot",2017,1082625,240,306.0,153,38.0,one-over eliminator,140-169,31-40
"Punjab Cricket Association IS Bindra Stadium, Mohali, Chandigarh",2017,1082626,150,135.0,67,15.0,|10|73,<140,<20
"Rajiv Gandhi International Stadium, Uppal, Hyderabad",2017,1082627,240,370.0,209,43.0,48||,201-220,41-50
"Wankhede Stadium, Mumbai",2017,1082628,239,327.0,162,38.0,|5|1,140-169,31-40
"Maharashtra Cricket Association Stadium, Pune",2017,1082629,238,328.0,161,40.0,|5|1,140-169,31-40
"Arun Jaitley Stadium, Delhi",2017,1082630,235,374.0,185,51.0,|6|5,170-200,>50
"Eden Gardens, Kolkata",2017,1082631,236,313.0,155,43.0,|4|4,140-169,41-50
"Arun Jaitley Stadium, Delhi",2017,1082632,225,422.0,208,55.0,|7|15,201-220,>50
"M.Chinnaswamy Stadium, Bengaluru",2017,1082633,234,257.0,138,27.0,19||,<140,20-30
"Rajiv Gandhi International Stadium, Uppal, Hyderabad",2017,1082634,240,284.0,148,27.0,12||,140-169,20-30
"Arun Jaitley Stadium, Delhi",2017,1082635,202,278.0,212,34.0,146||,201-220,31-40
"M.Chinnaswamy Stadium, Bengaluru",2017,1082636,211,317.0,158,39.0,|6|29,140-169,31-40
"Punjab Cricket Association IS Bindra Stadium, Mohali, Chandigarh",2017,1082637,238,381.0,189,44.0,|6|2,170-200,41-50
"Rajiv Gandhi International Stadium, Uppal, Hyderabad",2017,1082638,230,278.0,138,28.0,|7|10,<140,20-30
"Punjab Cricket Association IS Bindra Stadium, Mohali, Chandigarh",2017,1082639,240,320.0,167,36.0,14||,140-169,31-40
"Green Park, Kanpur",2017,1082640,238,392.0,195,61.0,|2|2,170-200,>50
"Wankhede Stadium, Mumbai",2017,1082641,240,453.0,230,62.0,7||,>220,>50
"Arun Jaitley Stadium, Delhi",2017,1082642,240,329.0,168,39.0,7||,140-169,31-40
"Green Park, Kanpur",2017,1082643,225,312.0,154,44.0,|8|11,140-169,41-50
"Eden Gardens, Kolkata",2017,1082644,240,337.0,173,45.0,9||,170-200,41-50
"Maharashtra Cricket Association Stadium, Pune",2017,1082645,167,151.0,73,14.0,|9|48,<140,<20
"Arun Jaitley Stadium, Delhi",2017,1082646,240,312.0,161,37.0,10||,140-169,31-40
"Wankhede Stadium, Mumbai",2017,1082647,240,304.0,162,31.0,20||,140-169,31-40
"M.Chinnaswamy Stadium, Bengaluru",2017,1082648,152,176.0,128,19.0,|7|4,<140,<20
"M.Chinnaswamy Stadium, Bengaluru",2017,1082649,200,218.0,107,25.0,|6|33,<140,20-30
"Rajiv Gandhi International Stadium, Uppal, Hyderabad",2017,1082650,240,257.0,129,24.0,1||,<140,20-30
"Wankhede Stadium, Mumbai",2016,980901,208,247.0,121,31.0,|9|32,<140,31-40
"Eden Gardens, Kolkata",2016,980903,191,197.0,98,26.0,|9|35,<140,20-30
"Punjab Cricket Association IS Bindra Stadium, Mohali, Chandigarh",2016,980905,226,323.0,161,42.0,|5|14,140-169,41-50
"M.Chinnaswamy Stadium, Bengaluru",2016,980907,240,409.0,227,58.0,45||,>220,>50
"Eden Gardens, Kolkata",2016,980909,235,375.0,187,44.0,|6|5,170-200,41-50
"Saurashtra Cricket Association Stadium, Rajkot",2016,980911,228,327.0,163,39.0,|7|12,140-169,31-40
"Arun Jaitley Stadium, Delhi",2016,980913,201,224.0,111,28.0,|8|39,<140,20-30
"Rajiv Gandhi International Stadium, Uppal, Hyderabad",2016,980915,230,288.0,142,32.0,|8|10,140-169,31-40
"Wankhede Stadium, Mumbai",2016,980917,240,290.0,143,33.0,|3|0,140-169,31-40
"Punjab Cricket Association IS Bindra Stadium, Mohali, Chandigarh",2016,980919,232,305.0,152,37.0,|6|8,140-169,31-40
"M.Chinnaswamy Stadium, Bengaluru",2016,980921,235,383.0,191,52.0,|7|5,170-200,>50
"Rajiv Gandhi International Stadium, Uppal, Hyderabad",2016,980923,225,287.0,142,30.0,|7|15,140-169,20-30
"Punjab Cricket Association IS Bindra Stadium, Mohali, Chandigarh",2016,980925,223,279.0,138,30.0,|6|17,<140,20-30
"Wankhede Stadium, Mumbai",2016,980927,228,341.0,170,43.0,|6|12,170-200,41-50
"Saurashtra Cricket Association Stadium, Rajkot",2016,980929,209,272.0,135,26.0,|10|31,<140,20-30
"Maharashtra Cricket Association Stadium, Pune",2016,980931,240,357.0,185,40.0,13||,170-200,31-40
"Arun Jaitley Stadium, Delhi",2016,980933,240,318.0,164,36.0,10||,140-169,31-40
"Rajiv Gandhi International Stadium, Uppal, Hyderabad",2016,980935,227,289.0,143,33.0,|5|13,140-169,31-40
"Saurashtra Cricket Association Stadium, Rajkot",2016,980937,237,362.0,180,42.0,|6|3,170-200,41-50
"Maharashtra Cricket Association Stadium, Pune",2016,980939,237,322.0,160,34.0,|2|3,140-169,31-40
"Punjab Cricket Association IS Bindra Stadium, Mohali, Chandigarh",2016,980941,240,353.0,189,41.0,25||,170-200,41-50
"Rajiv Gandhi International Stadium, Uppal, Hyderabad",2016,980943,186,212.0,118,22.0,34||,<140,20-30
"Arun Jaitley Stadium, Delhi",2016,980945,240,343.0,172,41.0,1||,170-200,41-50
"Wankhede Stadium, Mumbai",2016,980947,228,352.0,174,47.0,|6|12,170-200,41-50
"Maharashtra Cricket Association Stadium, Pune",2016,980949,240,391.0,195,47.0,|3|0,170-200,41-50
"Arun Jaitley Stadium, Delhi",2016,980951,231,345.0,186,40.0,27||,170-200,31-40
"Rajiv Gandhi International Stadium, Uppal, Hyderabad",2016,980953,240,373.0,194,47.0,15||,170-200,41-50
"Saurashtra Cricket Association Stadium, Rajkot",2016,980955,239,285.0,154,29.0,23||,140-169,20-30
"Maharashtra Cricket Association Stadium, Pune",2016,980957,231,320.0,159,36.0,|8|9,140-169,31-40
"M.Chinnaswamy Stadium, Bengaluru",2016,980959,235,374.0,185,47.0,|5|5,170-200,41-50
"Saurashtra Cricket Association Stadium, Rajkot",2016,980961,224,299.0,149,36.0,|8|16,140-169,31-40
"Eden Gardens, Kolkata",2016,980963,240,321.0,164,36.0,7||,140-169,31-40
"Arun Jaitley Stadium, Delhi",2016,980965,235,328.0,162,34.0,|7|5,140-169,31-40
"Rajiv Gandhi International Stadium, Uppal, Hyderabad",2016,980967,234,255.0,126,26.0,|5|6,<140,20-30
"M.Chinnaswamy Stadium, Bengaluru",2016,980969,237,386.0,191,52.0,|7|3,170-200,>50
"Punjab Cricket Association IS Bindra Stadium, Mohali, Chandigarh",2016,980971,240,353.0,181,38.0,9||,170-200,31-40
"Dr. Y.S. Rajasekhara Reddy ACA-VDCA Cricket Stadium, Visakhapatnam",2016,980973,219,269.0,177,35.0,85||,170-200,31-40
"Eden Gardens, Kolkata",2016,980975,228,322.0,158,45.0,|5|12,140-169,41-50
"Punjab Cricket Association IS Bindra Stadium, Mohali, Chandigarh",2016,980977,240,349.0,175,39.0,1||,170-200,31-40
"Dr. Y.S. Rajasekhara Reddy ACA-VDCA Cricket Stadium, Visakhapatnam",2016,980979,240,270.0,137,29.0,4||,<140,20-30
"M.Chinnaswamy Stadium, Bengaluru",2016,980981,232,304.0,151,34.0,|6|8,140-169,31-40
"Rajiv Gandhi International Stadium, Uppal, Hyderabad",2016,980983,229,296.0,146,35.0,|7|11,140-169,31-40
"Dr. Y.S. Rajasekhara Reddy ACA-VDCA Cricket Stadium, Visakhapatnam",2016,980985,222,251.0,124,27.0,|7|18,<140,20-30
"M.Chinnaswamy Stadium, Bengaluru",2016,980987,232,352.0,248,47.0,144||,>220,41-50
"Eden Gardens, Kolkata",2016,980989,136,169.0,103,18.0,|8|24,<140,<20
"Punjab Cricket Association IS Bindra Stadium, Mohali, Chandigarh",2016,980991,238,359.0,179,48.0,|7|2,170-200,41-50
"Dr. Y.S. Rajasekhara Reddy ACA-VDCA Cricket Stadium, Visakhapatnam",2016,980993,235,332.0,206,43.0,80||,201-220,41-50
"Eden Gardens, Kolkata",2016,980995,232,369.0,183,47.0,|9|8,170-200,41-50
"Dr. Y.S. Rajasekhara Reddy ACA-VDCA Cricket Stadium, Visakhapatnam",2016,980997,186,197.0,121,24.0,19||,<140,20-30
"M.Chinnaswamy Stadium, Bengaluru",2016,980999,174,331.0,211,51.0,82||,201-220,>50
"Green Park, Kanpur",2016,981001,201,249.0,124,29.0,|6|39,<140,20-30
"Shaheed Veer Narayan Singh International Stadium, Raipur",2016,981003,240,319.0,158,35.0,|6|0,140-169,31-40
"Dr. Y.S. Rajasekhara Reddy ACA-VDCA Cricket Stadium, Visakhapatnam",2016,981005,240,345.0,172,43.0,|4|0,170-200,41-50
"Green Park, Kanpur",2016,981007,227,345.0,172,53.0,|6|13,170-200,>50
"Eden Gardens, Kolkata",2016,981009,240,320.0,171,33.0,22||,170-200,31-40
"Shaheed Veer Narayan Singh International Stadium, Raipur",2016,981011,229,277.0,138,27.0,|6|11,<140,20-30
"M.Chinnaswamy Stadium, Bengaluru",2016,981013,230,317.0,158,39.0,|4|,140-169,31-40
"Arun Jaitley Stadium, Delhi",2016,981015,240,302.0,162,32.0,22||,140-169,31-40
"Arun Jaitley Stadium, Delhi",2016,981017,236,325.0,162,47.0,|4|4,140-169,41-50
"M.Chinnaswamy Stadium, Bengaluru",2016,981019,240,408.0,208,55.0,8||,201-220,>50
"Eden Gardens, Kolkata",2015,829705,231,338.0,168,47.0,|7|9,140-169,41-50
"MA Chidambaram Stadium, Chepauk, Chennai",2015,829707,240,299.0,150,33.0,1||,140-169,31-40
"Maharashtra Cricket Association Stadium, Pune",2015,829709,240,298.0,162,34.0,26||,140-169,31-40
"MA Chidambaram Stadium, Chepauk, Chennai",2015,829711,240,373.0,209,45.0,45||,201-220,41-50
"Eden Gardens, Kolkata",2015,829713,234,356.0,177,50.0,|3|6,170-200,41-50
"Arun Jaitley Stadium, Delhi",2015,829715,240,370.0,184,45.0,|3|0,170-200,41-50
"Wankhede Stadium, Mumbai",2015,829717,240,336.0,177,48.0,18||,170-200,41-50
"M.Chinnaswamy Stadium, Bengaluru",2015,829719,223,338.0,166,43.0,|8|16,140-169,41-50
"Sardar Patel (Gujarat) Stadium, Motera, Ahmedabad",2015,829721,235,329.0,164,43.0,|7|5,140-169,41-50
"Maharashtra Cricket Association Stadium, Pune",2015,829725,239,334.0,165,39.0,|5|1,140-169,31-40
"Dr. Y.S. Rajasekhara Reddy ACA-VDCA Cricket Stadium, Visakhapatnam",2015,829727,240,258.0,127,30.0,|6|0,<140,20-30
"Wankhede Stadium, Mumbai",2015,829729,220,372.0,183,54.0,|6|20,170-200,>50
"Dr. Y.S. Rajasekhara Reddy ACA-VDCA Cricket Stadium, Visakhapatnam",2015,829731,240,330.0,167,36.0,4||,140-169,31-40
"Maharashtra Cricket Association Stadium, Pune",2015,829733,227,314.0,155,42.0,|4|13,140-169,41-50
"Sardar Patel (Gujarat) Stadium, Motera, Ahmedabad",2015,829735,230,313.0,156,39.0,|8|10,140-169,31-40
"M.Chinnaswamy Stadium, Bengaluru",2015,829737,240,400.0,209,61.0,18||,201-220,>50
"Arun Jaitley Stadium, Delhi",2015,829739,229,293.0,146,38.0,|6|11,140-169,31-40
"Sardar Patel (Gujarat) Stadium, Motera, Ahmedabad",2015,829741,240,382.0,191,46.0,one-over eliminator,170-200,41-50
"Dr. Y.S. Rajasekhara Reddy ACA-VDCA Cricket Stadium, Visakhapatnam",2015,829743,192,277.0,176,33.0,16||,170-200,31-40
"M.Chinnaswamy Stadium, Bengaluru",2015,829745,240,335.0,181,46.0,27||,170-200,41-50
"Arun Jaitley Stadium, Delhi",2015,829747,240,343.0,190,43.0,37||,170-200,41-50
"Sardar Patel (Gujarat) Stadium, Motera, Ahmedabad",2015,829749,217,264.0,130,27.0,|9|23,<140,20-30
"Wankhede Stadium, Mumbai",2015,829751,240,294.0,157,35.0,20||,140-169,31-40
"MA Chidambaram Stadium, Chepauk, Chennai",2015,829753,240,287.0,192,33.0,97||,170-200,31-40
"Arun Jaitley Stadium, Delhi",2015,829757,173,194.0,95,25.0,|10|57,<140,20-30
"Punjab Cricket Association IS Bindra Stadium, Mohali, Chandigarh",2015,829759,240,280.0,150,29.0,20||,140-169,20-30
"MA Chidambaram Stadium, Chepauk, Chennai",2015,829765,240,266.0,134,30.0,2||,<140,20-30
"M.Chinnaswamy Stadium, Bengaluru",2015,829763,120,,200,,no result,170-200,
"Eden Gardens, Kolkata",2015,829723,239,334.0,165,42.0,|7|1,140-169,41-50
"Arun Jaitley Stadium, Delhi",2015,829767,203,237.0,118,27.0,|9|37,<140,20-30
"Wankhede Stadium, Mumbai",2015,829769,240,366.0,187,44.0,8||,170-200,41-50
"M.Chinnaswamy Stadium, Bengaluru",2015,829771,118,226.0,111,31.0,|7|2,<140,31-40
"Rajiv Gandhi International Stadium, Uppal, Hyderabad",2015,829773,240,362.0,192,50.0,22||,170-200,41-50
"Punjab Cricket Association IS Bindra Stadium, Mohali, Chandigarh",2015,829775,240,321.0,172,34.0,23||,170-200,31-40
"Brabourne Stadium, Mumbai",2015,829777,240,364.0,189,46.0,14||,170-200,41-50
"MA Chidambaram Stadium, Chepauk, Chennai",2015,829779,238,272.0,148,33.0,24||,140-169,31-40
"Eden Gardens, Kolkata",2015,829781,240,299.0,167,33.0,35||,140-169,31-40
"Wankhede Stadium, Mumbai",2015,829783,237,305.0,152,37.0,|5|3,140-169,31-40
"M.Chinnaswamy Stadium, Bengaluru",2015,829785,202,314.0,226,43.0,138||,>220,41-50
"Brabourne Stadium, Mumbai",2015,829787,240,395.0,201,56.0,7||,201-220,>50
"Eden Gardens, Kolkata",2015,829761,240,329.0,171,43.0,13||,170-200,41-50
"MA Chidambaram Stadium, Chepauk, Chennai",2015,829789,236,317.0,158,37.0,|6|4,140-169,31-40
"Eden Gardens, Kolkata",2015,829791,239,367.0,183,50.0,|1|1,170-200,41-50
"Shaheed Veer Narayan Singh International Stadium, Raipur",2015,829793,240,320.0,163,38.0,6||,140-169,31-40
"Wankhede Stadium, Mumbai",2015,829795,240,431.0,235,61.0,39||,>220,>50
"MA Chidambaram Stadium, Chepauk, Chennai",2015,829797,240,302.0,157,33.0,12||,140-169,31-40
"Rajiv Gandhi International Stadium, Uppal, Hyderabad",2015,829799,240,365.0,185,48.0,5||,170-200,41-50
"Shaheed Veer Narayan Singh International Stadium, Raipur",2015,829801,220,239.0,119,31.0,|6|20,<140,31-40
"Punjab Cricket Association IS Bindra Stadium, Mohali, Chandigarh",2015,829803,120,190.0,106,21.0,22||,<140,20-30
"Wankhede Stadium, Mumbai",2015,829805,240,337.0,171,44.0,5||,170-200,41-50
"Rajiv Gandhi International Stadium, Uppal, Hyderabad",2015,829807,101,218.0,135,30.0,|6|1,<140,20-30
"Punjab Cricket Association IS Bindra Stadium, Mohali, Chandigarh",2015,829809,221,264.0,130,30.0,|7|19,<140,20-30
"Brabourne Stadium, Mumbai",2015,829811,240,389.0,199,52.0,9||,170-200,>50
"M.Chinnaswamy Stadium, Bengaluru",2015,829813,127,189.0,187,23.0,no result,170-200,20-30
"Rajiv Gandhi International Stadium, Uppal, Hyderabad",2015,829815,203,227.0,113,25.0,|9|37,<140,20-30
"Wankhede Stadium, Mumbai",2015,829817,234,349.0,187,41.0,25||,170-200,41-50
"Maharashtra Cricket Association Stadium, Pune",2015,829819,234,289.0,180,34.0,71||,170-200,31-40
"JSCA International Stadium Complex, Ranchi",2015,829821,239,279.0,139,28.0,|3|1,<140,20-30
"Eden Gardens, Kolkata",2015,829823,240,363.0,202,50.0,41||,201-220,41-50
"Sheikh Zayed Stadium, Abu Dhabi",2014,729279,240,285.0,163,28.0,41||,140-169,20-30
Sharjah Cricket Stadium,2014,729281,220,291.0,145,33.0,|8|20,140-169,31-40
"Sheikh Zayed Stadium, Abu Dhabi",2014,729283,233,411.0,205,56.0,|6|7,201-220,>50
"Sheikh Zayed Stadium, Abu Dhabi",2014,729285,237,268.0,133,23.0,|4|3,<140,20-30
Dubai International Cricket Stadium,2014,729287,225,231.0,115,21.0,|7|15,<140,20-30
Dubai International Cricket Stadium,2014,729289,237,333.0,166,37.0,|4|3,140-169,31-40
Sharjah Cricket Stadium,2014,729291,232,384.0,191,50.0,|7|8,170-200,41-50
"Sheikh Zayed Stadium, Abu Dhabi",2014,729293,214,261.0,177,26.0,93||,170-200,20-30
Sharjah Cricket Stadium,2014,729295,236,314.0,193,37.0,72||,170-200,31-40
Dubai International Cricket Stadium,2014,729297,239,273.0,140,26.0,7||,140-169,20-30
Sharjah Cricket Stadium,2014,729299,240,298.0,150,32.0,2||,140-169,31-40
Dubai International Cricket Stadium,2014,729301,240,364.0,184,48.0,4||,170-200,41-50
Dubai International Cricket Stadium,2014,729303,234,283.0,141,32.0,|7|6,140-169,31-40
"Sheikh Zayed Stadium, Abu Dhabi",2014,729305,168,141.0,70,15.0,|6|42,<140,<20
"Sheikh Zayed Stadium, Abu Dhabi",2014,729307,230,241.0,132,25.0,23||,<140,20-30
Sharjah Cricket Stadium,2014,729309,233,251.0,125,25.0,|6|7,<140,20-30
Sharjah Cricket Stadium,2014,729311,237,291.0,145,30.0,|5|3,140-169,20-30
Dubai International Cricket Stadium,2014,729313,233,251.0,124,25.0,|5|7,<140,20-30
"Sheikh Zayed Stadium, Abu Dhabi",2014,729315,240,304.0,152,32.0,one-over eliminator,140-169,31-40
Dubai International Cricket Stadium,2014,729317,240,329.0,172,36.0,15||,170-200,31-40
"JSCA International Stadium Complex, Ranchi",2014,733971,204,262.0,148,32.0,34||,140-169,31-40
"Wankhede Stadium, Mumbai",2014,733973,235,338.0,168,46.0,|5|5,140-169,41-50
"Arun Jaitley Stadium, Delhi",2014,733975,231,308.0,152,37.0,|7|9,140-169,31-40
"M.Chinnaswamy Stadium, Bengaluru",2014,733977,239,313.0,155,40.0,|4|1,140-169,31-40
"Sardar Patel (Gujarat) Stadium, Motera, Ahmedabad",2014,733979,240,330.0,170,35.0,10||,170-200,31-40
"Arun Jaitley Stadium, Delhi",2014,733981,238,359.0,178,50.0,|8|2,170-200,41-50
"Wankhede Stadium, Mumbai",2014,733983,240,355.0,187,45.0,19||,170-200,41-50
"Arun Jaitley Stadium, Delhi",2014,733985,230,321.0,160,36.0,|8|10,140-169,31-40
"Barabati Stadium, Cuttack",2014,733987,240,418.0,231,60.0,44||,>220,>50
"Sardar Patel (Gujarat) Stadium, Motera, Ahmedabad",2014,733989,239,236.0,134,22.0,32||,<140,20-30
"M.Chinnaswamy Stadium, Bengaluru",2014,733991,240,364.0,198,48.0,32||,170-200,41-50
"Arun Jaitley Stadium, Delhi",2014,733993,146,187.0,143,19.0,|8|4,140-169,<20
"Wankhede Stadium, Mumbai",2014,733995,237,317.0,157,37.0,|4|3,140-169,31-40
"Barabati Stadium, Cuttack",2014,733997,228,299.0,149,38.0,|9|12,140-169,31-40
"M.Chinnaswamy Stadium, Bengaluru",2014,733999,233,381.0,190,54.0,|5|7,170-200,>50
"Rajiv Gandhi International Stadium, Uppal, Hyderabad",2014,734001,232,317.0,157,42.0,|7|8,140-169,41-50
"JSCA International Stadium Complex, Ranchi",2014,734003,238,297.0,148,31.0,|5|2,140-169,31-40
"M.Chinnaswamy Stadium, Bengaluru",2014,734005,240,356.0,186,42.0,16||,170-200,41-50
"Rajiv Gandhi International Stadium, Uppal, Hyderabad",2014,734007,232,416.0,205,57.0,|6|8,201-220,>50
"Barabati Stadium, Cuttack",2014,734009,232,283.0,141,32.0,|6|8,140-169,31-40
"Sardar Patel (Gujarat) Stadium, Motera, Ahmedabad",2014,734011,240,340.0,201,40.0,62||,201-220,31-40
"JSCA International Stadium Complex, Ranchi",2014,734013,239,280.0,138,30.0,|5|1,<140,20-30
"Rajiv Gandhi International Stadium, Uppal, Hyderabad",2014,734015,238,288.0,142,35.0,|7|2,140-169,31-40
"Sardar Patel (Gujarat) Stadium, Motera, Ahmedabad",2014,734017,240,331.0,178,36.0,25||,170-200,31-40
"Arun Jaitley Stadium, Delhi",2014,734019,238,329.0,164,40.0,|4|2,140-169,31-40
"Rajiv Gandhi International Stadium, Uppal, Hyderabad",2014,734021,238,321.0,160,38.0,|7|2,140-169,31-40
"Eden Gardens, Kolkata",2014,734023,228,310.0,154,39.0,|8|12,140-169,31-40
"Punjab Cricket Association IS Bindra Stadium, Mohali, Chandigarh",2014,734025,234,315.0,156,38.0,|7|6,140-169,31-40
"Eden Gardens, Kolkata",2014,734027,240,360.0,195,45.0,30||,170-200,41-50
"JSCA International Stadium Complex, Ranchi",2014,734029,238,374.0,185,49.0,|6|2,170-200,41-50
"Wankhede Stadium, Mumbai",2014,734031,237,331.0,173,42.0,15||,170-200,41-50
"Punjab Cricket Association IS Bindra Stadium, Mohali, Chandigarh",2014,734033,240,342.0,179,39.0,16||,170-200,31-40
"M.Chinnaswamy Stadium, Bengaluru",2014,734035,226,314.0,154,36.0,|8|14,140-169,31-40
"Eden Gardens, Kolkata",2014,734037,206,321.0,160,49.0,|4|34,140-169,41-50
"Punjab Cricket Association IS Bindra Stadium, Mohali, Chandigarh",2014,734039,192,234.0,115,29.0,|7|37,<140,20-30
"Wankhede Stadium, Mumbai",2014,734041,208,384.0,189,57.0,|5|32,170-200,>50
"Eden Gardens, Kolkata",2014,734043,240,298.0,163,36.0,28||,140-169,31-40
"Brabourne Stadium, Mumbai",2014,734045,232,349.0,173,46.0,|7|,170-200,41-50
"Wankhede Stadium, Mumbai",2014,734047,240,428.0,226,59.0,24||,>220,>50
"M.Chinnaswamy Stadium, Bengaluru",2014,734049,237,399.0,199,53.0,|3|,170-200,>50
"Eden Gardens, Kolkata",2013,597998,232,257.0,128,32.0,|6|8,<140,31-40
"M.Chinnaswamy Stadium, Bengaluru",2013,597999,240,310.0,156,40.0,2||,140-169,31-40
"Rajiv Gandhi International Stadium, Uppal, Hyderabad",2013,598000,233,230.0,126,21.0,22||,<140,20-30
"Arun Jaitley Stadium, Delhi",2013,598001,240,325.0,165,35.0,5||,140-169,31-40
"MA Chidambaram Stadium, Chepauk, Chennai",2013,598002,240,287.0,148,32.0,9||,140-169,31-40
"Maharashtra Cricket Association Stadium, Pune",2013,598003,194,199.0,99,26.0,|8|46,<140,20-30
"Rajiv Gandhi International Stadium, Uppal, Hyderabad",2013,598004,240,260.0,130,20.0,one-over eliminator,<140,20-30
"Sawai Mansingh Stadium, Jaipur",2013,598005,234,269.0,144,31.0,19||,140-169,31-40
"M.Chinnaswamy Stadium, Bengaluru",2013,598048,226,323.0,161,41.0,|7|14,140-169,41-50
"Wankhede Stadium, Mumbai",2013,598006,240,374.0,209,51.0,44||,201-220,>50
"Punjab Cricket Association IS Bindra Stadium, Mohali, Chandigarh",2013,598007,223,277.0,138,33.0,|10|16,<140,31-40
"M.Chinnaswamy Stadium, Bengaluru",2013,598008,225,312.0,154,42.0,|8|15,140-169,41-50
"Maharashtra Cricket Association Stadium, Pune",2013,598009,232,293.0,145,37.0,|7|8,140-169,31-40
"Arun Jaitley Stadium, Delhi",2013,598010,236,229.0,114,24.0,|3|4,<140,20-30
"Wankhede Stadium, Mumbai",2013,598011,240,325.0,183,41.0,41||,170-200,41-50
"MA Chidambaram Stadium, Chepauk, Chennai",2013,598012,239,331.0,165,34.0,|4|1,140-169,31-40
"Eden Gardens, Kolkata",2013,598013,240,312.0,180,36.0,48||,170-200,31-40
"Sawai Mansingh Stadium, Jaipur",2013,598014,229,250.0,124,31.0,|6|4,<140,31-40
"MA Chidambaram Stadium, Chepauk, Chennai",2013,598015,240,294.0,159,34.0,24||,140-169,31-40
"Punjab Cricket Association IS Bindra Stadium, Mohali, Chandigarh",2013,598016,240,310.0,157,38.0,4||,140-169,31-40
"M.Chinnaswamy Stadium, Bengaluru",2013,598017,240,304.0,152,36.0,one-over eliminator,140-169,31-40
"Maharashtra Cricket Association Stadium, Pune",2013,598018,234,227.0,119,23.0,11||,<140,20-30
"Sawai Mansingh Stadium, Jaipur",2013,598019,230,271.0,179,30.0,87||,170-200,20-30
"Arun Jaitley Stadium, Delhi",2013,598020,225,252.0,169,28.0,86||,140-169,20-30
"Rajiv Gandhi International Stadium, Uppal, Hyderabad",2013,598021,233,250.0,123,26.0,|5|7,<140,20-30
"Eden Gardens, Kolkata",2013,598022,235,243.0,119,27.0,|4|5,<140,20-30
"M.Chinnaswamy Stadium, Bengaluru",2013,598023,225,240.0,117,30.0,|7|13,<140,20-30
"Arun Jaitley Stadium, Delhi",2013,598024,222,326.0,161,43.0,|9|18,140-169,41-50
"Punjab Cricket Association IS Bindra Stadium, Mohali, Chandigarh",2013,598025,239,371.0,185,47.0,|7|1,170-200,41-50
"MA Chidambaram Stadium, Chepauk, Chennai",2013,598026,239,371.0,185,41.0,|5|1,170-200,41-50
"M.Chinnaswamy Stadium, Bengaluru",2013,598027,240,396.0,263,60.0,130||,>220,>50
"Arun Jaitley Stadium, Delhi",2013,598059,222,241.0,120,28.0,|5|18,<140,20-30
"Eden Gardens, Kolkata",2013,598029,239,321.0,159,37.0,|5|1,140-169,31-40
"MA Chidambaram Stadium, Chepauk, Chennai",2013,598030,238,319.0,159,42.0,|5|2,140-169,41-50
"Eden Gardens, Kolkata",2013,598031,230,299.0,149,40.0,|6|10,140-169,31-40
"Sawai Mansingh Stadium, Jaipur",2013,598032,227,290.0,144,41.0,|8|13,140-169,41-50
"Wankhede Stadium, Mumbai",2013,598033,240,330.0,194,41.0,58||,170-200,41-50
"MA Chidambaram Stadium, Chepauk, Chennai",2013,598034,240,386.0,200,51.0,14||,170-200,>50
"Shaheed Veer Narayan Singh International Stadium, Raipur",2013,598035,240,313.0,164,39.0,15||,140-169,31-40
"Sawai Mansingh Stadium, Jaipur",2013,598036,239,344.0,171,41.0,|4|1,170-200,41-50
"Wankhede Stadium, Mumbai",2013,598037,240,344.0,174,43.0,4||,170-200,41-50
"Maharashtra Cricket Association Stadium, Pune",2013,598038,240,291.0,164,31.0,37||,140-169,31-40
"Rajiv Gandhi International Stadium, Uppal, Hyderabad",2013,598039,228,259.0,129,30.0,|7|12,<140,20-30
"Shaheed Veer Narayan Singh International Stadium, Raipur",2013,598040,227,273.0,136,35.0,|7|13,<140,31-40
"MA Chidambaram Stadium, Chepauk, Chennai",2013,598041,240,357.0,186,45.0,15||,170-200,41-50
"Maharashtra Cricket Association Stadium, Pune",2013,598042,240,357.0,187,43.0,17||,170-200,41-50
"Eden Gardens, Kolkata",2013,598043,224,265.0,132,28.0,|8|16,<140,20-30
"Rajiv Gandhi International Stadium, Uppal, Hyderabad",2013,598044,198,161.0,80,14.0,|6|37,<140,<20
"Wankhede Stadium, Mumbai",2013,598046,212,218.0,139,24.0,60||,<140,20-30
"Sawai Mansingh Stadium, Jaipur",2013,598047,239,360.0,178,50.0,|5|1,170-200,41-50
"Punjab Cricket Association IS Bindra Stadium, Mohali, Chandigarh",2013,598064,228,384.0,190,53.0,|6|12,170-200,>50
"Sawai Mansingh Stadium, Jaipur",2013,598049,227,309.0,154,38.0,|9|13,140-169,31-40
"Wankhede Stadium, Mumbai",2013,598050,230,275.0,170,36.0,65||,170-200,31-40
"Rajiv Gandhi International Stadium, Uppal, Hyderabad",2013,598051,240,369.0,223,48.0,77||,>220,41-50
"Punjab Cricket Association IS Bindra Stadium, Mohali, Chandigarh",2013,598052,234,292.0,145,31.0,|8|6,140-169,31-40
"Maharashtra Cricket Association Stadium, Pune",2013,598053,237,258.0,152,25.0,46||,140-169,20-30
"Arun Jaitley Stadium, Delhi",2013,598054,240,362.0,183,51.0,4||,170-200,>50
"Maharashtra Cricket Association Stadium, Pune",2013,598055,233,228.0,112,22.0,|5|7,<140,20-30
"Punjab Cricket Association IS Bindra Stadium, Mohali, Chandigarh",2013,598056,240,270.0,150,32.0,30||,140-169,31-40
"JSCA International Stadium Complex, Ranchi",2013,598057,236,231.0,115,21.0,|5|4,<140,20-30
"Sawai Mansingh Stadium, Jaipur",2013,598058,223,285.0,141,36.0,|5|17,140-169,31-40
"Wankhede Stadium, Mumbai",2013,598060,237,362.0,178,47.0,|7|3,170-200,41-50
"M.Chinnaswamy Stadium, Bengaluru",2013,598045,229,350.0,174,50.0,|7|11,170-200,41-50
"MA Chidambaram Stadium, Chepauk, Chennai",2013,598062,240,303.0,168,28.0,33||,140-169,20-30
"JSCA International Stadium Complex, Ranchi",2013,598061,240,333.0,170,38.0,7||,170-200,31-40
"Wankhede Stadium, Mumbai",2013,598063,240,318.0,166,40.0,14||,140-169,31-40
"Himachal Pradesh Cricket Association Stadium, Dharamsala",2013,598028,240,335.0,171,47.0,7||,170-200,41-50
"Rajiv Gandhi International Stadium, Uppal, Hyderabad",2013,598065,240,249.0,136,20.0,23||,<140,20-30
"Himachal Pradesh Cricket Association Stadium, Dharamsala",2013,598066,235,316.0,183,44.0,50||,170-200,41-50
"M.Chinnaswamy Stadium, Bengaluru",2013,598068,96,188.0,106,29.0,24||,<140,20-30
"Maharashtra Cricket Association Stadium, Pune",2013,598067,240,306.0,172,36.0,38||,170-200,31-40
"Rajiv Gandhi International Stadium, Uppal, Hyderabad",2013,598069,233,262.0,130,27.0,|5|7,<140,20-30
"Arun Jaitley Stadium, Delhi",2013,598070,232,336.0,192,41.0,48||,170-200,41-50
"Arun Jaitley Stadium, Delhi",2013,598071,236,267.0,132,33.0,|4|4,<140,31-40
"Eden Gardens, Kolkata",2013,598072,239,334.0,165,44.0,|4|1,140-169,41-50
"Eden Gardens, Kolkata",2013,598073,240,273.0,148,35.0,23||,140-169,31-40
"MA Chidambaram Stadium, Chepauk, Chennai",2012,548306,220,227.0,112,21.0,|8|19,<140,20-30
"Eden Gardens, Kolkata",2012,548307,139,197.0,97,23.0,|8|5,<140,20-30
"Wankhede Stadium, Mumbai",2012,548308,240,230.0,129,21.0,28||,<140,20-30
"Sawai Mansingh Stadium, Jaipur",2012,548309,240,351.0,191,44.0,31||,170-200,41-50
"M.Chinnaswamy Stadium, Bengaluru",2012,548310,240,294.0,157,34.0,20||,140-169,31-40
"Dr. Y.S. Rajasekhara Reddy ACA-VDCA Cricket Stadium, Visakhapatnam",2012,548311,223,312.0,193,37.0,74||,170-200,31-40
"Sawai Mansingh Stadium, Jaipur",2012,548312,240,306.0,164,34.0,22||,140-169,31-40
"Maharashtra Cricket Association Stadium, Pune",2012,548313,240,310.0,166,33.0,22||,140-169,31-40
"Dr. Y.S. Rajasekhara Reddy ACA-VDCA Cricket Stadium, Visakhapatnam",2012,548314,240,280.0,138,30.0,|5|0,<140,20-30
"M.Chinnaswamy Stadium, Bengaluru",2012,548315,240,288.0,165,32.0,42||,140-169,31-40
"Arun Jaitley Stadium, Delhi",2012,548316,200,221.0,110,24.0,|8|40,<140,20-30
"Wankhede Stadium, Mumbai",2012,548317,238,367.0,197,48.0,27||,170-200,41-50
"MA Chidambaram Stadium, Chepauk, Chennai",2012,548318,240,413.0,205,52.0,|5|0,201-220,>50
"Punjab Cricket Association IS Bindra Stadium, Mohali, Chandigarh",2012,548319,220,231.0,115,27.0,|7|14,<140,20-30
"Eden Gardens, Kolkata",2012,548320,236,268.0,131,29.0,|5|4,<140,20-30
"Maharashtra Cricket Association Stadium, Pune",2012,548322,236,311.0,155,34.0,|7|4,140-169,31-40
"Eden Gardens, Kolkata",2012,548323,240,266.0,134,24.0,2||,<140,20-30
"M.Chinnaswamy Stadium, Bengaluru",2012,548324,239,331.0,195,44.0,59||,170-200,41-50
"Wankhede Stadium, Mumbai",2012,548325,205,185.0,92,19.0,|7|31,<140,<20
"Sawai Mansingh Stadium, Jaipur",2012,548326,238,393.0,196,53.0,|5|2,170-200,>50
"M.Chinnaswamy Stadium, Bengaluru",2012,548327,240,368.0,182,44.0,|6|0,170-200,41-50
"Punjab Cricket Association IS Bindra Stadium, Mohali, Chandigarh",2012,548328,219,251.0,124,25.0,|8|21,<140,20-30
"Arun Jaitley Stadium, Delhi",2012,548321,230,324.0,157,42.0,|5|5,140-169,41-50
"MA Chidambaram Stadium, Chepauk, Chennai",2012,548330,240,315.0,164,33.0,13||,140-169,31-40
"Punjab Cricket Association IS Bindra Stadium, Mohali, Chandigarh",2012,548331,237,329.0,163,36.0,|5|3,140-169,31-40
"MA Chidambaram Stadium, Chepauk, Chennai",2012,548332,240,293.0,146,31.0,|7|0,140-169,31-40
"Arun Jaitley Stadium, Delhi",2012,548333,240,364.0,192,47.0,20||,170-200,41-50
"Wankhede Stadium, Mumbai",2012,548334,237,327.0,163,39.0,|6|3,140-169,31-40
"Barabati Stadium, Cuttack",2012,548335,234,253.0,126,24.0,|5|6,<140,20-30
"Sawai Mansingh Stadium, Jaipur",2012,548336,240,332.0,189,39.0,46||,170-200,31-40
"Maharashtra Cricket Association Stadium, Pune",2012,548337,216,294.0,146,35.0,|8|24,140-169,31-40
"Punjab Cricket Association IS Bindra Stadium, Mohali, Chandigarh",2012,548339,239,339.0,168,38.0,|4|1,140-169,31-40
"Maharashtra Cricket Association Stadium, Pune",2012,548341,240,336.0,177,37.0,18||,170-200,31-40
"Arun Jaitley Stadium, Delhi",2012,548342,240,377.0,207,54.0,37||,201-220,>50
"MA Chidambaram Stadium, Chepauk, Chennai",2012,548343,240,305.0,156,34.0,7||,140-169,31-40
"Eden Gardens, Kolkata",2012,548344,240,333.0,190,46.0,47||,170-200,41-50
"Arun Jaitley Stadium, Delhi",2012,548345,240,303.0,152,36.0,1||,140-169,31-40
"Wankhede Stadium, Mumbai",2012,548346,221,201.0,100,18.0,|5|11,<140,<20
"MA Chidambaram Stadium, Chepauk, Chennai",2012,548347,238,279.0,139,22.0,|5|2,<140,20-30
"Barabati Stadium, Cuttack",2012,548348,240,359.0,186,43.0,13||,170-200,41-50
"Sawai Mansingh Stadium, Jaipur",2012,548349,212,285.0,141,38.0,|6|28,140-169,31-40
"M.Chinnaswamy Stadium, Bengaluru",2012,548350,239,321.0,158,39.0,|4|1,140-169,31-40
"Maharashtra Cricket Association Stadium, Pune",2012,548351,240,239.0,120,25.0,1||,<140,20-30
"MA Chidambaram Stadium, Chepauk, Chennai",2012,548352,240,310.0,160,30.0,10||,140-169,20-30
"Eden Gardens, Kolkata",2012,548353,240,293.0,150,28.0,7||,140-169,20-30
"Punjab Cricket Association IS Bindra Stadium, Mohali, Chandigarh",2012,548354,240,311.0,177,40.0,43||,170-200,31-40
"Wankhede Stadium, Mumbai",2012,548355,240,347.0,173,47.0,|2|0,170-200,41-50
"M.Chinnaswamy Stadium, Bengaluru",2012,548356,233,366.0,181,50.0,|5|7,170-200,41-50
"Arun Jaitley Stadium, Delhi",2012,548357,232,307.0,153,32.0,|6|8,140-169,31-40
"Maharashtra Cricket Association Stadium, Pune",2012,548358,218,251.0,125,24.0,|7|22,<140,20-30
"Rajiv Gandhi International Stadium, Uppal, Hyderabad",2012,548359,240,315.0,170,36.0,25||,170-200,31-40
"Wankhede Stadium, Mumbai",2012,548360,228,283.0,141,32.0,|9|12,140-169,31-40
"Rajiv Gandhi International Stadium, Uppal, Hyderabad",2012,548329,200,386.0,187,50.0,|9|20,170-200,41-50
"Sawai Mansingh Stadium, Jaipur",2012,548361,229,253.0,126,30.0,|4|11,<140,20-30
"Maharashtra Cricket Association Stadium, Pune",2012,548362,240,311.0,173,38.0,35||,170-200,31-40
"Eden Gardens, Kolkata",2012,548363,240,337.0,182,44.0,27||,170-200,41-50
"MA Chidambaram Stadium, Chepauk, Chennai",2012,548364,212,229.0,114,22.0,|9|28,<140,20-30
"Sawai Mansingh Stadium, Jaipur",2012,548365,240,295.0,170,34.0,45||,170-200,31-40
"Punjab Cricket Association IS Bindra Stadium, Mohali, Chandigarh",2012,548366,240,384.0,190,48.0,|4|0,170-200,41-50
"M.Chinnaswamy Stadium, Bengaluru",2012,548367,238,344.0,171,43.0,|5|2,170-200,41-50
"Eden Gardens, Kolkata",2012,548368,240,318.0,158,40.0,|5|0,140-169,31-40
"Arun Jaitley Stadium, Delhi",2012,548369,234,276.0,136,41.0,|5|6,<140,41-50
"Wankhede Stadium, Mumbai",2012,548370,235,248.0,140,27.0,32||,140-169,20-30
"Himachal Pradesh Cricket Association Stadium, Dharamsala",2012,548371,219,243.0,120,35.0,|6|21,<140,31-40
"Arun Jaitley Stadium, Delhi",2012,548372,240,409.0,215,58.0,21||,201-220,>50
"Rajiv Gandhi International Stadium, Uppal, Hyderabad",2012,548373,232,254.0,126,25.0,|5|8,<140,20-30
"Himachal Pradesh Cricket Association Stadium, Dharamsala",2012,548374,230,286.0,141,42.0,|6|10,140-169,41-50
"Maharashtra Cricket Association Stadium, Pune",2012,548375,240,238.0,136,17.0,34||,<140,<20
"Rajiv Gandhi International Stadium, Uppal, Hyderabad",2012,548376,240,255.0,132,24.0,9||,<140,20-30
"Sawai Mansingh Stadium, Jaipur",2012,548377,228,325.0,162,38.0,|10|12,140-169,31-40
"Maharashtra Cricket Association Stadium, Pune",2012,548378,240,306.0,162,37.0,18||,140-169,31-40
"M.Chinnaswamy Stadium, Bengaluru",2012,548379,240,336.0,187,48.0,38||,170-200,41-50
"MA Chidambaram Stadium, Chepauk, Chennai",2012,548380,221,358.0,222,47.0,86||,>220,41-50
"MA Chidambaram Stadium, Chepauk, Chennai",2012,548381,238,382.0,190,45.0,|5|,170-200,41-50
"MA Chidambaram Stadium, Chepauk, Chennai",2011,501198,240,304.0,153,35.0,2||,140-169,31-40
"Rajiv Gandhi International Stadium, Uppal, Hyderabad",2011,501199,233,278.0,137,33.0,|8|7,<140,31-40
"Nehru Stadium, Kochi",2011,501200,232,323.0,161,37.0,|6|8,140-169,31-40
"Arun Jaitley Stadium, Delhi",2011,501201,207,194.0,95,20.0,|8|19,<140,20-30
"Dr DY Patil Sports Academy, Mumbai",2011,501202,199,225.0,112,31.0,|7|41,<140,31-40
"Eden Gardens, Kolkata",2011,501203,240,317.0,163,41.0,9||,140-169,41-50
"Sawai Mansingh Stadium, Jaipur",2011,501204,231,303.0,151,39.0,|6|9,140-169,31-40
"M.Chinnaswamy Stadium, Bengaluru",2011,501205,231,283.0,140,35.0,|9|9,140-169,31-40
"Punjab Cricket Association IS Bindra Stadium, Mohali, Chandigarh",2011,501206,235,381.0,188,53.0,|6|5,170-200,>50
"Dr DY Patil Sports Academy, Mumbai",2011,501207,233,299.0,148,34.0,|4|7,140-169,31-40
"Rajiv Gandhi International Stadium, Uppal, Hyderabad",2011,501208,240,317.0,175,38.0,33||,170-200,31-40
"Sawai Mansingh Stadium, Jaipur",2011,501209,231,319.0,159,36.0,|9|9,140-169,31-40
"Wankhede Stadium, Mumbai",2011,501210,234,366.0,182,50.0,|8|6,170-200,41-50
"MA Chidambaram Stadium, Chepauk, Chennai",2011,501211,240,345.0,183,43.0,21||,170-200,41-50
"Rajiv Gandhi International Stadium, Uppal, Hyderabad",2011,501212,226,331.0,165,43.0,|8|14,140-169,41-50
"Dr DY Patil Sports Academy, Mumbai",2011,501213,236,377.0,187,49.0,|3|4,170-200,41-50
"Eden Gardens, Kolkata",2011,501214,175,166.0,81,15.0,|8|37,<140,<20
"Nehru Stadium, Kochi",2011,501215,192,266.0,131,37.0,|7|12,<140,31-40
"Arun Jaitley Stadium, Delhi",2011,501216,240,304.0,168,34.0,16||,140-169,31-40
"Wankhede Stadium, Mumbai",2011,501218,224,242.0,118,26.0,|7|0,<140,20-30
"Eden Gardens, Kolkata",2011,501219,240,258.0,132,26.0,6||,<140,20-30
"Punjab Cricket Association IS Bindra Stadium, Mohali, Chandigarh",2011,501220,240,342.0,195,44.0,48||,170-200,41-50
"Eden Gardens, Kolkata",2011,501222,229,346.0,171,46.0,|9|11,170-200,41-50
"Wankhede Stadium, Mumbai",2011,501221,240,320.0,164,40.0,8||,140-169,31-40
"Arun Jaitley Stadium, Delhi",2011,501223,240,433.0,231,64.0,29||,>220,>50
"Rajiv Gandhi International Stadium, Uppal, Hyderabad",2011,501224,240,307.0,172,38.0,37||,170-200,31-40
"Sawai Mansingh Stadium, Jaipur",2011,501225,205,220.0,109,22.0,|8|35,<140,20-30
"MA Chidambaram Stadium, Chepauk, Chennai",2011,501226,240,259.0,142,22.0,25||,140-169,20-30
"Arun Jaitley Stadium, Delhi",2011,501227,237,321.0,160,40.0,|3|3,140-169,31-40
"Dr DY Patil Sports Academy, Mumbai",2011,501228,237,286.0,141,31.0,|8|3,140-169,31-40
"Nehru Stadium, Kochi",2011,501229,219,203.0,129,23.0,55||,<140,20-30
"Arun Jaitley Stadium, Delhi",2011,501230,240,279.0,148,30.0,17||,140-169,20-30
"Sawai Mansingh Stadium, Jaipur",2011,501231,229,189.0,94,15.0,|7|11,<140,<20
"M.Chinnaswamy Stadium, Bengaluru",2011,501232,240,336.0,181,40.0,26||,170-200,31-40
"Nehru Stadium, Kochi",2011,501233,233,276.0,157,31.0,38||,140-169,31-40
"Eden Gardens, Kolkata",2011,501234,224,239.0,119,26.0,|8|16,<140,20-30
"Sawai Mansingh Stadium, Jaipur",2011,501235,237,287.0,143,32.0,|6|3,140-169,31-40
"MA Chidambaram Stadium, Chepauk, Chennai",2011,501236,240,311.0,165,34.0,19||,140-169,31-40
"Wankhede Stadium, Mumbai",2011,501237,240,295.0,159,35.0,23||,140-169,31-40
"Arun Jaitley Stadium, Delhi",2011,501238,210,281.0,140,38.0,|7|30,140-169,31-40
"Rajiv Gandhi International Stadium, Uppal, Hyderabad",2011,501239,240,318.0,169,33.0,20||,140-169,31-40
"MA Chidambaram Stadium, Chepauk, Chennai",2011,501240,232,296.0,147,32.0,|8|8,140-169,31-40
"Dr DY Patil Sports Academy, Mumbai",2011,501241,240,299.0,160,34.0,21||,140-169,31-40
"Nehru Stadium, Kochi",2011,501242,240,295.0,156,34.0,17||,140-169,31-40
"Rajiv Gandhi International Stadium, Uppal, Hyderabad",2011,501243,228,358.0,175,48.0,|4|6,170-200,41-50
"M.Chinnaswamy Stadium, Bengaluru",2011,501244,240,325.0,205,46.0,85||,201-220,41-50
"Eden Gardens, Kolkata",2011,501245,180,175.0,114,15.0,10||,<140,<20
"Wankhede Stadium, Mumbai",2011,501246,239,324.0,178,47.0,32||,170-200,41-50
"M.Chinnaswamy Stadium, Bengaluru",2011,501247,199,253.0,125,32.0,|9|41,<140,31-40
"Punjab Cricket Association IS Bindra Stadium, Mohali, Chandigarh",2011,501248,223,239.0,119,29.0,|5|17,<140,20-30
"Sawai Mansingh Stadium, Jaipur",2011,501249,237,329.0,196,37.0,63||,170-200,31-40
"Rajiv Gandhi International Stadium, Uppal, Hyderabad",2011,501250,230,273.0,136,35.0,|6|10,<140,31-40
"Punjab Cricket Association IS Bindra Stadium, Mohali, Chandigarh",2011,501251,197,250.0,163,30.0,76||,140-169,20-30
"Sawai Mansingh Stadium, Jaipur",2011,501252,222,297.0,146,37.0,|9|18,140-169,31-40
"MA Chidambaram Stadium, Chepauk, Chennai",2011,501253,240,334.0,176,40.0,18||,170-200,31-40
"Holkar Cricket Stadium, Indore",2011,501254,233,359.0,178,46.0,|6|7,170-200,41-50
"M.Chinnaswamy Stadium, Bengaluru",2011,501255,153,194.0,89,25.0,|4|3,<140,20-30
"Wankhede Stadium, Mumbai",2011,501256,240,260.0,135,25.0,10||,<140,20-30
"Himachal Pradesh Cricket Association Stadium, Dharamsala",2011,501257,240,311.0,170,44.0,29||,170-200,41-50
"Holkar Cricket Stadium, Indore",2011,501258,155,195.0,97,29.0,|8|76,<140,20-30
"Dr DY Patil Sports Academy, Mumbai",2011,501259,236,274.0,136,31.0,|6|4,<140,31-40
"Himachal Pradesh Cricket Association Stadium, Dharamsala",2011,501260,222,353.0,232,48.0,111||,>220,41-50
"MA Chidambaram Stadium, Chepauk, Chennai",2011,501261,240,293.0,152,29.0,11||,140-169,20-30
"Dr DY Patil Sports Academy, Mumbai",2011,501262,220,237.0,118,25.0,|7|20,<140,20-30
"Wankhede Stadium, Mumbai",2011,501263,199,267.0,133,35.0,|10|41,<140,31-40
"Himachal Pradesh Cricket Association Stadium, Dharamsala",2011,501264,234,314.0,198,39.0,82||,170-200,31-40
"Arun Jaitley Stadium, Delhi",2011,501265,61,,56,,no result,<140,
"M.Chinnaswamy Stadium, Bengaluru",2011,501266,228,257.0,128,30.0,|8|12,<140,20-30
"Eden Gardens, Kolkata",2011,501267,240,353.0,175,46.0,|5|0,170-200,41-50
"Wankhede Stadium, Mumbai",2011,501268,238,352.0,175,44.0,|6|,170-200,41-50
"Wankhede Stadium, Mumbai",2011,501269,236,295.0,147,39.0,|4|,140-169,31-40
"MA Chidambaram Stadium, Chepauk, Chennai",2011,501270,240,327.0,185,38.0,43||,170-200,31-40
"MA Chidambaram Stadium, Chepauk, Chennai",2011,501271,240,352.0,205,35.0,58||,201-220,31-40
"Dr DY Patil Sports Academy, Mumbai",2010,419106,240,311.0,161,34.0,11||,140-169,31-40
"Brabourne Stadium, Mumbai",2010,419107,240,420.0,212,58.0,4||,201-220,>50
"Punjab Cricket Association IS Bindra Stadium, Mohali, Chandigarh",2010,419108,239,288.0,142,33.0,|5|1,140-169,31-40
"Eden Gardens, Kolkata",2010,419109,236,271.0,135,32.0,|7|4,<140,31-40
"MA Chidambaram Stadium, Chepauk, Chennai",2010,419110,240,349.0,190,43.0,31||,170-200,41-50
"Sardar Patel (Gujarat) Stadium, Motera, Ahmedabad",2010,419111,223,283.0,141,35.0,|6|17,140-169,31-40
"M.Chinnaswamy Stadium, Bengaluru",2010,419112,233,407.0,203,55.0,|8|7,201-220,>50
"Eden Gardens, Kolkata",2010,419113,236,273.0,164,34.0,55||,140-169,31-40
"Arun Jaitley Stadium, Delhi",2010,419114,219,338.0,218,44.0,98||,201-220,41-50
"M.Chinnaswamy Stadium, Bengaluru",2010,419115,183,185.0,92,22.0,|10|56,<140,20-30
"Arun Jaitley Stadium, Delhi",2010,419116,235,375.0,185,54.0,|5|5,170-200,>50
"Barabati Stadium, Cuttack",2010,419117,240,334.0,170,43.0,6||,170-200,41-50
"Sardar Patel (Gujarat) Stadium, Motera, Ahmedabad",2010,419118,240,302.0,168,36.0,34||,140-169,31-40
"Brabourne Stadium, Mumbai",2010,419119,235,306.0,151,38.0,|7|5,140-169,31-40
"Barabati Stadium, Cuttack",2010,419120,240,322.0,171,38.0,10||,170-200,31-40
"MA Chidambaram Stadium, Chepauk, Chennai",2010,419121,240,272.0,136,31.0,one-over eliminator,<140,31-40
"Brabourne Stadium, Mumbai",2010,419122,231,311.0,155,39.0,|7|9,140-169,31-40
"M.Chinnaswamy Stadium, Bengaluru",2010,419123,240,306.0,171,39.0,36||,170-200,31-40
"Punjab Cricket Association IS Bindra Stadium, Mohali, Chandigarh",2010,419124,235,335.0,183,41.0,31||,170-200,41-50
"M.Chinnaswamy Stadium, Bengaluru",2010,419128,240,349.0,183,38.0,17||,170-200,31-40
"Brabourne Stadium, Mumbai",2010,419125,234,361.0,180,43.0,|5|6,170-200,41-50
"Sardar Patel (Gujarat) Stadium, Motera, Ahmedabad",2010,419126,214,299.0,148,34.0,|8|26,140-169,31-40
"Punjab Cricket Association IS Bindra Stadium, Mohali, Chandigarh",2010,419127,240,327.0,183,39.0,39||,170-200,31-40
"Sardar Patel (Gujarat) Stadium, Motera, Ahmedabad",2010,419129,240,337.0,177,39.0,17||,170-200,31-40
"Dr DY Patil Sports Academy, Mumbai",2010,419130,226,303.0,172,42.0,41||,170-200,41-50
"Arun Jaitley Stadium, Delhi",2010,419131,240,314.0,177,36.0,40||,170-200,31-40
"Brabourne Stadium, Mumbai",2010,419132,237,327.0,163,33.0,|4|3,140-169,31-40
"MA Chidambaram Stadium, Chepauk, Chennai",2010,419133,233,323.0,161,38.0,|5|,140-169,31-40
"Arun Jaitley Stadium, Delhi",2010,419134,226,309.0,188,38.0,67||,170-200,31-40
"Eden Gardens, Kolkata",2010,419135,240,338.0,181,44.0,24||,170-200,41-50
"Punjab Cricket Association IS Bindra Stadium, Mohali, Chandigarh",2010,419136,235,365.0,181,44.0,|6|5,170-200,41-50
"MA Chidambaram Stadium, Chepauk, Chennai",2010,419137,240,469.0,246,69.0,23||,>220,>50
"Brabourne Stadium, Mumbai",2010,419138,230,293.0,178,30.0,63||,170-200,20-30
"Eden Gardens, Kolkata",2010,419139,230,404.0,200,55.0,|8|10,170-200,>50
"Arun Jaitley Stadium, Delhi",2010,419140,240,331.0,184,40.0,37||,170-200,31-40
"Vidarbha Cricket Association Stadium, Jamtha, Nagpur",2010,419141,238,316.0,159,38.0,2||,140-169,31-40
"MA Chidambaram Stadium, Chepauk, Chennai",2010,419142,240,306.0,165,30.0,24||,140-169,20-30
"Sawai Mansingh Stadium, Jaipur",2010,419143,210,310.0,153,42.0,|9|30,140-169,41-50
"Eden Gardens, Kolkata",2010,419144,240,348.0,181,43.0,14||,170-200,41-50
"M.Chinnaswamy Stadium, Bengaluru",2010,419145,236,370.0,184,48.0,|7|4,170-200,41-50
"Punjab Cricket Association IS Bindra Stadium, Mohali, Chandigarh",2010,419146,236,312.0,154,40.0,|6|4,140-169,31-40
"Vidarbha Cricket Association Stadium, Jamtha, Nagpur",2010,419147,235,277.0,138,26.0,|6|5,<140,20-30
"M.Chinnaswamy Stadium, Bengaluru",2010,419148,223,322.0,160,41.0,|7|17,140-169,41-50
"Arun Jaitley Stadium, Delhi",2010,419149,230,223.0,111,21.0,|7|8,<140,20-30
"Sawai Mansingh Stadium, Jaipur",2010,419150,240,311.0,174,35.0,37||,170-200,31-40
"Vidarbha Cricket Association Stadium, Jamtha, Nagpur",2010,419151,238,289.0,151,28.0,13||,140-169,20-30
"Brabourne Stadium, Mumbai",2010,419152,240,327.0,183,34.0,39||,170-200,31-40
"MA Chidambaram Stadium, Chepauk, Chennai",2010,419153,201,282.0,139,34.0,|9|39,<140,31-40
"Sawai Mansingh Stadium, Jaipur",2010,419154,214,262.0,130,37.0,|5|26,<140,31-40
"MA Chidambaram Stadium, Chepauk, Chennai",2010,419155,232,225.0,112,19.0,|6|8,<140,<20
"Himachal Pradesh Cricket Association Stadium, Dharamsala",2010,419156,235,352.0,174,51.0,|5|5,170-200,>50
"M.Chinnaswamy Stadium, Bengaluru",2010,419157,240,325.0,191,37.0,57||,170-200,31-40
"Eden Gardens, Kolkata",2010,419158,217,265.0,132,36.0,|8|23,<140,31-40
"Himachal Pradesh Cricket Association Stadium, Dharamsala",2010,419159,238,387.0,192,56.0,|6|2,170-200,>50
"Arun Jaitley Stadium, Delhi",2010,419160,240,268.0,145,28.0,11||,140-169,20-30
"Eden Gardens, Kolkata",2010,419161,225,268.0,133,30.0,|9|15,<140,20-30
"Dr DY Patil Sports Academy, Mumbai",2010,419162,240,333.0,184,36.0,35||,170-200,31-40
"Dr DY Patil Sports Academy, Mumbai",2010,419163,236,246.0,142,26.0,38||,140-169,20-30
"Dr DY Patil Sports Academy, Mumbai",2010,419164,194,168.0,82,21.0,|9|,<140,20-30
"Dr DY Patil Sports Academy, Mumbai",2010,419165,240,314.0,168,36.0,22||,140-169,31-40
"Newlands, Cape Town",2009,392181,240,311.0,165,38.0,19||,140-169,31-40
"Newlands, Cape Town",2009,392182,211,191.0,133,20.0,75||,<140,20-30
"Newlands, Cape Town",2009,392183,101,162.0,104,21.0,|10|7,<140,20-30
"Newlands, Cape Town",2009,392184,197,205.0,101,26.0,|8|41,<140,20-30
"St George's Park, Port Elizabeth",2009,392185,212,266.0,179,31.0,92||,170-200,31-40
"Kingsmead, Durban",2009,392186,176,237.0,158,28.0,11||,140-169,20-30
"Newlands, Cape Town",2009,392188,240,344.0,184,42.0,24||,170-200,41-50
"Kingsmead, Durban",2009,392189,240,369.0,189,43.0,9||,170-200,41-50
"Newlands, Cape Town",2009,392190,240,300.0,150,32.0,one-over eliminator,140-169,31-40
"Kingsmead, Durban",2009,392191,234,341.0,168,38.0,|7|6,140-169,31-40
"Kingsmead, Durban",2009,392192,240,324.0,168,36.0,12||,140-169,31-40
"St George's Park, Port Elizabeth",2009,392194,236,299.0,149,27.0,|6|4,140-169,20-30
"Newlands, Cape Town",2009,392195,240,251.0,139,24.0,27||,<140,20-30
"Kingsmead, Durban",2009,392196,237,334.0,165,42.0,|6|3,140-169,41-50
"St George's Park, Port Elizabeth",2009,392197,212,282.0,187,31.0,92||,170-200,31-40
"SuperSport Park, Centurion",2009,392198,231,290.0,143,35.0,|5|9,140-169,31-40
"Kingsmead, Durban",2009,392199,239,282.0,139,29.0,|5|1,<140,20-30
"Kingsmead, Durban",2009,392200,240,235.0,119,14.0,3||,<140,<20
"SuperSport Park, Centurion",2009,392201,224,300.0,148,38.0,|6|8,140-169,31-40
"SuperSport Park, Centurion",2009,392202,237,290.0,164,34.0,38||,140-169,31-40
"Buffalo Park, East London",2009,392203,240,287.0,148,27.0,9||,140-169,20-30
"Kingsmead, Durban",2009,392204,240,282.0,145,33.0,8||,140-169,31-40
"St George's Park, Port Elizabeth",2009,392205,238,283.0,141,33.0,|3|2,140-169,31-40
"The Wanderers Stadium, Johannesburg",2009,392206,240,308.0,163,39.0,18||,140-169,31-40
"St George's Park, Port Elizabeth",2009,392207,240,307.0,153,36.0,|6|0,140-169,31-40
"The Wanderers Stadium, Johannesburg",2009,392208,229,299.0,149,34.0,|9|11,140-169,31-40
"Buffalo Park, East London",2009,392209,208,278.0,178,33.0,78||,170-200,31-40
"Kingsmead, Durban",2009,392210,240,344.0,211,48.0,78||,201-220,41-50
"Kingsmead, Durban",2009,392211,234,311.0,154,37.0,|9|6,140-169,31-40
"SuperSport Park, Centurion",2009,392212,240,271.0,145,28.0,19||,140-169,20-30
"SuperSport Park, Centurion",2009,392213,210,212.0,105,22.0,|7|30,<140,20-30
"SuperSport Park, Centurion",2009,392214,216,359.0,185,48.0,12||,170-200,41-50
"Buffalo Park, East London",2009,392215,233,234.0,116,23.0,|7|7,<140,20-30
"Diamond Oval, Kimberley",2009,392216,239,337.0,168,35.0,|3|1,140-169,31-40
"Diamond Oval, Kimberley",2009,392217,230,281.0,140,34.0,|7|10,140-169,31-40
"St George's Park, Port Elizabeth",2009,392218,240,298.0,157,26.0,16||,140-169,20-30
"The Wanderers Stadium, Johannesburg",2009,392219,223,248.0,123,25.0,|7|17,<140,20-30
"Diamond Oval, Kimberley",2009,392220,237,279.0,166,27.0,53||,140-169,20-30
"SuperSport Park, Centurion",2009,392221,236,349.0,173,44.0,|6|4,170-200,41-50
"SuperSport Park, Centurion",2009,392222,218,241.0,119,29.0,|8|22,<140,20-30
"Kingsmead, Durban",2009,392223,236,322.0,173,40.0,12||,170-200,31-40
"Kingsmead, Durban",2009,392224,236,261.0,129,30.0,|2|2,<140,20-30
"Kingsmead, Durban",2009,392225,239,288.0,145,31.0,2||,140-169,31-40
"Mangaung Oval, Bloemfontein",2009,392226,235,243.0,120,22.0,|6|5,<140,20-30
"St George's Park, Port Elizabeth",2009,392227,235,298.0,147,29.0,|7|5,140-169,20-30
"The Wanderers Stadium, Johannesburg",2009,392228,240,326.0,160,37.0,|6|0,140-169,31-40
"The Wanderers Stadium, Johannesburg",2009,392229,240,267.0,134,29.0,1||,<140,20-30
"Mangaung Oval, Bloemfontein",2009,392230,240,286.0,150,27.0,14||,140-169,20-30
"SuperSport Park, Centurion",2009,392231,240,377.0,188,47.0,|7|0,170-200,41-50
"The Wanderers Stadium, Johannesburg",2009,392232,234,269.0,134,22.0,|7|6,<140,20-30
"Kingsmead, Durban",2009,392233,237,203.0,101,21.0,|4|3,<140,20-30
"Kingsmead, Durban",2009,392234,240,208.0,116,19.0,24||,<140,<20
"SuperSport Park, Centurion",2009,392235,225,331.0,165,43.0,|4|15,140-169,41-50
"SuperSport Park, Centurion",2009,392236,240,328.0,170,35.0,12||,170-200,31-40
"SuperSport Park, Centurion",2009,392237,212,308.0,153,42.0,|6|,140-169,41-50
"The Wanderers Stadium, Johannesburg",2009,392238,233,295.0,146,35.0,|6|,140-169,31-40
"The Wanderers Stadium, Johannesburg",2009,392239,240,280.0,143,28.0,6||,140-169,20-30
"M.Chinnaswamy Stadium, Bengaluru",2008,335982,211,304.0,222,35.0,140||,>220,31-40
"Punjab Cricket Association IS Bindra Stadium, Mohali, Chandigarh",2008,335983,240,447.0,240,63.0,33||,>220,>50
"Arun Jaitley Stadium, Delhi",2008,335984,211,261.0,129,36.0,|9|29,<140,31-40
"Eden Gardens, Kolkata",2008,335986,226,222.0,110,21.0,|5|6,<140,20-30
"Wankhede Stadium, Mumbai",2008,335985,238,331.0,165,44.0,|5|2,140-169,41-50
"Sawai Mansingh Stadium, Jaipur",2008,335987,229,334.0,166,49.0,|6|11,140-169,41-50
"Rajiv Gandhi International Stadium, Uppal, Hyderabad",2008,335988,156,286.0,142,42.0,|9|42,140-169,41-50
"MA Chidambaram Stadium, Chepauk, Chennai",2008,335989,240,410.0,208,57.0,6||,201-220,>50
"Rajiv Gandhi International Stadium, Uppal, Hyderabad",2008,335990,239,431.0,214,65.0,|3|1,201-220,>50
"Punjab Cricket Association IS Bindra Stadium, Mohali, Chandigarh",2008,335991,240,298.0,182,39.0,66||,170-200,31-40
"MA Chidambaram Stadium, Chepauk, Chennai",2008,335993,222,299.0,147,35.0,|9|18,140-169,31-40
"M.Chinnaswamy Stadium, Bengaluru",2008,335992,223,273.0,135,43.0,|7|17,<140,41-50
"Punjab Cricket Association IS Bindra Stadium, Mohali, Chandigarh",2008,335995,237,320.0,158,42.0,|4|3,140-169,41-50
"Dr DY Patil Sports Academy, Mumbai",2008,335994,192,309.0,154,43.0,|10|48,140-169,41-50
"M.Chinnaswamy Stadium, Bengaluru",2008,335996,238,343.0,178,44.0,13||,170-200,41-50
"Eden Gardens, Kolkata",2008,335997,232,275.0,137,37.0,|7|8,<140,31-40
"Arun Jaitley Stadium, Delhi",2008,335998,240,372.0,191,49.0,10||,170-200,41-50
"Sawai Mansingh Stadium, Jaipur",2008,336000,235,347.0,196,41.0,45||,170-200,41-50
"Rajiv Gandhi International Stadium, Uppal, Hyderabad",2008,335999,233,331.0,164,45.0,|7|7,140-169,41-50
"MA Chidambaram Stadium, Chepauk, Chennai",2008,336001,234,341.0,169,43.0,|8|6,140-169,41-50
"M.Chinnaswamy Stadium, Bengaluru",2008,336034,240,309.0,156,39.0,3||,140-169,31-40
"Punjab Cricket Association IS Bindra Stadium, Mohali, Chandigarh",2008,336003,240,347.0,178,44.0,9||,170-200,41-50
"Dr DY Patil Sports Academy, Mumbai",2008,336004,233,295.0,162,36.0,29||,140-169,31-40
"Sawai Mansingh Stadium, Jaipur",2008,336005,200,219.0,109,25.0,|8|34,<140,20-30
"M.Chinnaswamy Stadium, Bengaluru",2008,336006,226,253.0,126,32.0,|6|10,<140,31-40
"MA Chidambaram Stadium, Chepauk, Chennai",2008,336007,228,292.0,144,39.0,|7|12,140-169,31-40
"Dr DY Patil Sports Academy, Mumbai",2008,336008,189,207.0,103,21.0,|7|29,<140,20-30
"Arun Jaitley Stadium, Delhi",2008,336009,240,375.0,187,50.0,|4|0,170-200,41-50
"Eden Gardens, Kolkata",2008,336010,192,253.0,129,34.0,5||,<140,31-40
"Sawai Mansingh Stadium, Jaipur",2008,336011,216,281.0,140,36.0,|8|24,140-169,31-40
"MA Chidambaram Stadium, Chepauk, Chennai",2008,336013,240,344.0,181,39.0,18||,170-200,31-40
"Rajiv Gandhi International Stadium, Uppal, Hyderabad",2008,336014,240,385.0,204,54.0,23||,201-220,>50
"Sawai Mansingh Stadium, Jaipur",2008,336015,235,315.0,156,34.0,|3|5,140-169,31-40
"Punjab Cricket Association IS Bindra Stadium, Mohali, Chandigarh",2008,336016,214,287.0,143,34.0,|9|26,140-169,31-40
"Eden Gardens, Kolkata",2008,336017,227,243.0,133,26.0,23||,<140,20-30
"Wankhede Stadium, Mumbai",2008,336018,203,314.0,156,48.0,|9|37,140-169,41-50
"Arun Jaitley Stadium, Delhi",2008,336020,240,364.0,194,48.0,12||,170-200,41-50
"Wankhede Stadium, Mumbai",2008,336021,125,135.0,67,19.0,|8|87,<140,<20
"Sawai Mansingh Stadium, Jaipur",2008,336023,240,329.0,197,40.0,65||,170-200,31-40
"Arun Jaitley Stadium, Delhi",2008,336022,114,212.0,118,28.0,6||,<140,20-30
"Eden Gardens, Kolkata",2008,336025,168,204.0,149,26.0,3||,140-169,20-30
"Rajiv Gandhi International Stadium, Uppal, Hyderabad",2008,336024,240,331.0,178,42.0,25||,170-200,41-50
"M.Chinnaswamy Stadium, Bengaluru",2008,336026,230,312.0,154,42.0,|5|10,140-169,41-50
"Eden Gardens, Kolkata",2008,336027,219,297.0,147,41.0,|6|21,140-169,41-50
"Wankhede Stadium, Mumbai",2008,336028,240,377.0,189,49.0,1||,170-200,41-50
"MA Chidambaram Stadium, Chepauk, Chennai",2008,336029,240,238.0,126,27.0,14||,<140,20-30
"Punjab Cricket Association IS Bindra Stadium, Mohali, Chandigarh",2008,336031,237,353.0,175,44.0,|6|3,170-200,41-50
"MA Chidambaram Stadium, Chepauk, Chennai",2008,336033,240,412.0,211,57.0,10||,201-220,>50
"Arun Jaitley Stadium, Delhi",2008,336032,239,355.0,176,51.0,|5|1,170-200,>50
"Rajiv Gandhi International Stadium, Uppal, Hyderabad",2008,336002,234,336.0,165,48.0,|5|6,140-169,41-50
"Eden Gardens, Kolkata",2008,336035,238,349.0,174,48.0,|3|2,170-200,41-50
"Sawai Mansingh Stadium, Jaipur",2008,336036,240,291.0,145,28.0,|5|0,140-169,20-30
"Rajiv Gandhi International Stadium, Uppal, Hyderabad",2008,336037,236,295.0,147,35.0,|7|4,140-169,31-40
"M.Chinnaswamy Stadium, Bengaluru",2008,336012,204,248.0,122,29.0,|9|12,<140,20-30
"Punjab Cricket Association IS Bindra Stadium, Mohali, Chandigarh",2008,336019,240,401.0,221,60.0,41||,>220,>50
"Wankhede Stadium, Mumbai",2008,336038,217,279.0,192,39.0,105||,170-200,31-40
"Wankhede Stadium, Mumbai",2008,336039,209,228.0,112,30.0,|9|31,<140,20-30
"Dr DY Patil Sports Academy, Mumbai",2008,336040,240,327.0,163,33.0,|3|0,140-169,31-40
"MA Chidambaram Stadium, Chepauk, Chennai",2024,1422119,232,349.0,173,41.0,|6|8,170-200,41-50
"Maharaja Yadavindra Singh International Cricket Stadium, Mullanpur",2024,1422120,236,351.0,174,48.0,|4|4,170-200,41-50
"Eden Gardens, Kolkata",2024,1422121,240,412.0,208,54.0,4||,201-220,>50
"Sawai Mansingh Stadium, Jaipur",2024,1422122,240,366.0,193,40.0,20||,170-200,31-40
"Narendra Modi Stadium, Motera, Ahmedabad",2024,1422123,240,330.0,168,40.0,6||,140-169,31-40
"M.Chinnaswamy Stadium, Bengaluru",2024,1422124,236,354.0,176,47.0,|4|4,170-200,41-50
"MA Chidambaram Stadium, Chepauk, Chennai",2024,1422125,240,349.0,206,43.0,63||,201-220,41-50
"Rajiv Gandhi International Stadium, Uppal, Hyderabad",2024,1422126,240,523.0,277,69.0,31||,>220,>50
"Sawai Mansingh Stadium, Jaipur",2024,1422127,240,358.0,185,47.0,12||,170-200,41-50
"M.Chinnaswamy Stadium, Bengaluru",2024,1422128,221,368.0,182,44.0,|7|19,170-200,41-50
"Bharat Ratna Shri Atal Bihari Vajpayee Ekana Cricket Stadium, Lucknow",2024,1422129,240,377.0,199,50.0,21||,170-200,41-50
"Narendra Modi Stadium, Motera, Ahmedabad",2024,1422130,235,330.0,162,37.0,|7|5,140-169,31-40
"Dr. Y.S. Rajasekhara Reddy ACA-VDCA Cricket Stadium, Visakhapatnam",2024,1422131,240,362.0,191,45.0,20||,170-200,41-50
"Wankhede Stadium, Mumbai",2024,1422132,213,252.0,125,30.0,|6|27,<140,20-30
"M.Chinnaswamy Stadium, Bengaluru",2024,1422133,238,334.0,181,43.0,28||,170-200,41-50
"Dr. Y.S. Rajasekhara Reddy ACA-VDCA Cricket Stadium, Visakhapatnam",2024,1422134,224,438.0,272,63.0,106||,>220,>50
"Narendra Modi Stadium, Motera, Ahmedabad",2024,1422135,239,399.0,199,52.0,|3|1,170-200,>50
"Rajiv Gandhi International Stadium, Uppal, Hyderabad",2024,1422136,229,331.0,165,40.0,|6|11,140-169,31-40
"Sawai Mansingh Stadium, Jaipur",2024,1422137,235,372.0,183,47.0,|6|5,170-200,41-50
"Wankhede Stadium, Mumbai",2024,1422138,240,439.0,234,62.0,29||,>220,>50
"Bharat Ratna Shri Atal Bihari Vajpayee Ekana Cricket Stadium, Lucknow",2024,1422139,233,293.0,163,30.0,33||,140-169,20-30
"MA Chidambaram Stadium, Chepauk, Chennai",2024,1426260,226,278.0,137,33.0,|7|14,<140,31-40
"Maharaja Yadavindra Singh International Cricket Stadium, Mullanpur",2024,1426261,240,362.0,182,51.0,2||,170-200,>50
"Sawai Mansingh Stadium, Jaipur",2024,1426262,240,395.0,196,48.0,|3|0,170-200,41-50
"Wankhede Stadium, Mumbai",2024,1426263,213,395.0,196,59.0,|7|27,170-200,>50
"Bharat Ratna Shri Atal Bihari Vajpayee Ekana Cricket Stadium, Lucknow",2024,1426264,229,337.0,167,41.0,|6|11,140-169,41-50
"Maharaja Yadavindra Singh International Cricket Stadium, Mullanpur",2024,1426265,239,299.0,147,32.0,|3|1,140-169,31-40
"Eden Gardens, Kolkata",2024,1426266,214,323.0,161,45.0,|8|26,140-169,41-50
"Wankhede Stadium, Mumbai",2024,1426267,240,392.0,206,57.0,20||,201-220,>50
"M.Chinnaswamy Stadium, Bengaluru",2024,1426268,240,549.0,287,81.0,25||,>220,>50
"Eden Gardens, Kolkata",2024,1426269,240,447.0,223,65.0,|2|0,>220,>50
"Narendra Modi Stadium, Motera, Ahmedabad",2024,1426270,158,181.0,89,24.0,|6|67,<140,20-30
"Maharaja Yadavindra Singh International Cricket Stadium, Mullanpur",2024,1426271,235,375.0,192,46.0,9||,170-200,41-50
"Bharat Ratna Shri Atal Bihari Vajpayee Ekana Cricket Stadium, Lucknow",2024,1426272,234,356.0,176,44.0,|8|6,170-200,41-50
"Arun Jaitley Stadium, Delhi",2024,1426273,235,465.0,266,71.0,67||,>220,>50
"Eden Gardens, Kolkata",2024,1426274,240,443.0,222,67.0,1||,>220,>50
"Maharaja Yadavindra Singh International Cricket Stadium, Mullanpur",2024,1426275,235,288.0,142,35.0,|3|5,140-169,31-40
"Sawai Mansingh Stadium, Jaipur",2024,1426276,232,362.0,179,48.0,|9|8,170-200,41-50
"MA Chidambaram Stadium, Chepauk, Chennai",2024,1426277,237,423.0,210,58.0,|6|3,201-220,>50
"Arun Jaitley Stadium, Delhi",2024,1426278,240,444.0,224,66.0,4||,>220,>50
"Rajiv Gandhi International Stadium, Uppal, Hyderabad",2024,1426279,240,377.0,206,45.0,35||,201-220,41-50
"Eden Gardens, Kolkata",2024,1426280,232,523.0,261,79.0,|8|8,>220,>50
"Arun Jaitley Stadium, Delhi",2024,1426281,240,504.0,257,74.0,10||,>220,>50
"Bharat Ratna Shri Atal Bihari Vajpayee Ekana Cricket Stadium, Lucknow",2024,1426282,234,395.0,196,50.0,|7|6,170-200,41-50
"Narendra Modi Stadium, Motera, Ahmedabad",2024,1426283,216,406.0,200,53.0,|9|24,170-200,>50
"MA Chidambaram Stadium, Chepauk, Chennai",2024,1426284,233,346.0,212,41.0,78||,201-220,41-50
"Eden Gardens, Kolkata",2024,1426285,219,310.0,153,44.0,|7|21,140-169,41-50
"Bharat Ratna Shri Atal Bihari Vajpayee Ekana Cricket Stadium, Lucknow",2024,1426286,236,289.0,144,33.0,|4|4,140-169,31-40
"MA Chidambaram Stadium, Chepauk, Chennai",2024,1426287,227,325.0,162,39.0,|7|13,140-169,31-40
"Rajiv Gandhi International Stadium, Uppal, Hyderabad",2024,1426288,240,401.0,201,55.0,1||,201-220,>50
"Wankhede Stadium, Mumbai",2024,1426289,232,314.0,169,38.0,24||,140-169,31-40
"M.Chinnaswamy Stadium, Bengaluru",2024,1426290,199,299.0,147,48.0,|4|38,140-169,41-50
"Himachal Pradesh Cricket Association Stadium, Dharamsala",2024,1426291,240,306.0,167,37.0,28||,140-169,31-40
"Bharat Ratna Shri Atal Bihari Vajpayee Ekana Cricket Stadium, Lucknow",2024,1426292,217,372.0,235,51.0,98||,>220,>50
"Wankhede Stadium, Mumbai",2024,1426293,224,347.0,173,45.0,|7|16,170-200,41-50
"Arun Jaitley Stadium, Delhi",2024,1426294,240,422.0,221,63.0,20||,>220,>50
"Rajiv Gandhi International Stadium, Uppal, Hyderabad",2024,1426295,178,332.0,165,50.0,|10|62,140-169,41-50
"Himachal Pradesh Cricket Association Stadium, Dharamsala",2024,1426296,222,422.0,241,65.0,60||,>220,>50
"Narendra Modi Stadium, Motera, Ahmedabad",2024,1426297,240,427.0,231,56.0,35||,>220,>50
"Eden Gardens, Kolkata",2024,1426298,192,296.0,157,42.0,18||,140-169,41-50
"MA Chidambaram Stadium, Chepauk, Chennai",2024,1426299,230,286.0,141,29.0,|5|10,140-169,20-30
"M.Chinnaswamy Stadium, Bengaluru",2024,1426300,235,327.0,187,38.0,47||,170-200,31-40
"Arun Jaitley Stadium, Delhi",2024,1426302,240,397.0,208,54.0,19||,201-220,>50
"Barsapara Cricket Stadium, Guwahati",2024,1426303,233,289.0,144,39.0,|5|7,140-169,31-40
"Wankhede Stadium, Mumbai",2024,1426305,240,410.0,214,58.0,18||,201-220,>50
"M.Chinnaswamy Stadium, Bengaluru",2024,1426306,240,409.0,218,52.0,27||,201-220,>50
"Rajiv Gandhi International Stadium, Uppal, Hyderabad",2024,1426307,235,429.0,214,,|4|5,201-220,
"Narendra Modi Stadium, Motera, Ahmedabad",2024,1426309,199,323.0,159,45.0,|8|38,140-169,41-50
"Narendra Modi Stadium, Motera, Ahmedabad",2024,1426310,234,346.0,172,46.0,|4|6,170-200,41-50
"MA Chidambaram Stadium, Chepauk, Chennai",2024,1426311,240,314.0,175,38.0,36||,170-200,31-40
"MA Chidambaram Stadium, Chepauk, Chennai",2024,1426312,174,227.0,113,27.0,|8|57,<140,20-30
